-- phpMyAdmin SQL Dump
-- version 4.7.0
-- https://www.phpmyadmin.net/
--
-- Host: 127.0.0.1
-- Generation Time: Mar 25, 2018 at 11:49 PM
-- Server version: 10.1.26-MariaDB
-- PHP Version: 7.1.8

SET SQL_MODE = "NO_AUTO_VALUE_ON_ZERO";
SET AUTOCOMMIT = 0;
START TRANSACTION;
SET time_zone = "+00:00";


/*!40101 SET @OLD_CHARACTER_SET_CLIENT=@@CHARACTER_SET_CLIENT */;
/*!40101 SET @OLD_CHARACTER_SET_RESULTS=@@CHARACTER_SET_RESULTS */;
/*!40101 SET @OLD_COLLATION_CONNECTION=@@COLLATION_CONNECTION */;
/*!40101 SET NAMES utf8mb4 */;

--
-- Database: `restapi`
--

-- --------------------------------------------------------

--
-- Table structure for table `migrations`
--

CREATE TABLE `migrations` (
  `id` int(10) UNSIGNED NOT NULL,
  `migration` varchar(191) COLLATE utf8mb4_unicode_ci NOT NULL,
  `batch` int(11) NOT NULL
) ENGINE=InnoDB DEFAULT CHARSET=utf8mb4 COLLATE=utf8mb4_unicode_ci;

--
-- Dumping data for table `migrations`
--

INSERT INTO `migrations` (`id`, `migration`, `batch`) VALUES
(1, '2014_10_12_000000_create_users_table', 1),
(2, '2014_10_12_100000_create_password_resets_table', 1),
(3, '2018_03_25_123217_create_products_table', 1),
(4, '2018_03_25_123456_create_reviews_table', 1);

-- --------------------------------------------------------

--
-- Table structure for table `password_resets`
--

CREATE TABLE `password_resets` (
  `email` varchar(191) COLLATE utf8mb4_unicode_ci NOT NULL,
  `token` varchar(191) COLLATE utf8mb4_unicode_ci NOT NULL,
  `created_at` timestamp NULL DEFAULT NULL
) ENGINE=InnoDB DEFAULT CHARSET=utf8mb4 COLLATE=utf8mb4_unicode_ci;

-- --------------------------------------------------------

--
-- Table structure for table `products`
--

CREATE TABLE `products` (
  `id` int(10) UNSIGNED NOT NULL,
  `name` varchar(191) COLLATE utf8mb4_unicode_ci NOT NULL,
  `detail` text COLLATE utf8mb4_unicode_ci NOT NULL,
  `price` double NOT NULL,
  `stock` int(11) NOT NULL,
  `discount` int(11) NOT NULL,
  `created_at` timestamp NULL DEFAULT NULL,
  `updated_at` timestamp NULL DEFAULT NULL
) ENGINE=InnoDB DEFAULT CHARSET=utf8mb4 COLLATE=utf8mb4_unicode_ci;

--
-- Dumping data for table `products`
--

INSERT INTO `products` (`id`, `name`, `detail`, `price`, `stock`, `discount`, `created_at`, `updated_at`) VALUES
(1, 'iste', 'Non et voluptas est perspiciatis ipsa temporibus. Eos excepturi repellendus ea debitis.', 71.94, 2641, 11, '2018-03-25 15:42:11', '2018-03-25 15:42:11'),
(2, 'officia', 'Voluptas quia perferendis molestiae facilis accusantium. Aperiam delectus aut facere molestiae quia voluptas. Et natus ut voluptas dolorem itaque perspiciatis dolore.', 587.32, 8880, 27, '2018-03-25 15:42:11', '2018-03-25 15:42:11'),
(3, 'laborum', 'Minus ea cupiditate rerum soluta libero est. Reprehenderit debitis provident enim. Animi quaerat cupiditate quasi fuga quae.', 717.13, 7432, 16, '2018-03-25 15:42:11', '2018-03-25 15:42:11'),
(4, 'et', 'Consequatur autem quia atque ut omnis quam. Reprehenderit vel natus quo aliquid. Alias incidunt quis pariatur aut sunt.', 971.62, 5170, 27, '2018-03-25 15:42:11', '2018-03-25 15:42:11'),
(5, 'nisi', 'Saepe explicabo commodi et. Neque adipisci doloribus provident sed ad consequuntur molestiae. Reiciendis mollitia culpa quod consequatur corporis ut eum.', 895.92, 4892, 13, '2018-03-25 15:42:11', '2018-03-25 15:42:11'),
(6, 'vel', 'Et sit eaque facere rerum enim aut. Tempora ea sed quo illo totam eveniet. Accusamus neque quia ipsum possimus non odio quia sunt. Cupiditate dolorum at suscipit non ea fuga ut eos. Adipisci amet maxime delectus sed recusandae animi eius.', 457.76, 9930, 9, '2018-03-25 15:42:12', '2018-03-25 15:42:12'),
(7, 'distinctio', 'Veritatis sed et quaerat tenetur delectus qui. Consequuntur nesciunt voluptate eum necessitatibus animi ut provident. Inventore ullam qui explicabo necessitatibus et saepe minus.', 84.18, 1321, 7, '2018-03-25 15:42:12', '2018-03-25 15:42:12'),
(8, 'non', 'Et distinctio dolore sed ut harum dolorum et vero. Et modi ea optio quia odio. Neque repudiandae et pariatur minus aut facere. Aliquam ut iste quod ab consequatur minus.', 946.19, 2543, 3, '2018-03-25 15:42:12', '2018-03-25 15:42:12'),
(9, 'doloribus', 'Iusto cupiditate et vel autem. Perspiciatis porro aperiam deserunt omnis dolor. Dolor consequatur et molestiae atque.', 286.06, 2933, 8, '2018-03-25 15:42:12', '2018-03-25 15:42:12'),
(10, 'quis', 'In quod excepturi voluptatem quibusdam sit et. Nesciunt omnis in qui quo debitis quis nihil nam. Omnis doloremque rerum aut dolore suscipit. Molestiae atque numquam ipsam molestiae velit harum.', 762.39, 3597, 27, '2018-03-25 15:42:12', '2018-03-25 15:42:12'),
(11, 'deserunt', 'Ullam est qui animi modi velit. Ab corporis animi deleniti aliquid voluptate non. Mollitia expedita est quidem.', 84.22, 7841, 5, '2018-03-25 15:42:12', '2018-03-25 15:42:12'),
(12, 'est', 'Facilis labore quia numquam corrupti repellendus deleniti. Dolor id repellendus quidem. Corrupti est sed earum quo optio iste. Voluptatibus accusantium laudantium eos dolores sed rerum aut.', 745.36, 751, 18, '2018-03-25 15:42:12', '2018-03-25 15:42:12'),
(13, 'eveniet', 'Neque et omnis dolor tempora. Omnis aliquid distinctio voluptas perferendis eum a aut. Saepe ducimus in adipisci provident quia. Sed quae nemo perspiciatis autem deleniti in eum.', 719.23, 8122, 8, '2018-03-25 15:42:12', '2018-03-25 15:42:12'),
(14, 'quam', 'Amet dolores porro incidunt consectetur perferendis. Esse optio adipisci aperiam beatae non vitae. Quia ipsam ducimus et quo. Sit veniam porro similique cum.', 142.38, 4667, 25, '2018-03-25 15:42:12', '2018-03-25 15:42:12'),
(15, 'magni', 'Aut labore et non. Deserunt eaque id eaque. Et error rem voluptas dicta asperiores assumenda tenetur. Aspernatur quam ab aut perspiciatis quaerat et.', 527.29, 1009, 7, '2018-03-25 15:42:12', '2018-03-25 15:42:12'),
(16, 'quia', 'Pariatur placeat doloribus reiciendis atque dolor harum totam quod. Quis cupiditate autem soluta. Impedit libero sit enim hic esse. Ut laudantium libero quisquam blanditiis.', 220.34, 7655, 25, '2018-03-25 15:42:12', '2018-03-25 15:42:12'),
(17, 'aspernatur', 'Minus autem ut quasi voluptatem. Odit harum labore maxime magni non optio. Magnam ducimus aliquid sed esse aut in.', 331.45, 819, 29, '2018-03-25 15:42:12', '2018-03-25 15:42:12'),
(18, 'consectetur', 'Labore repellat animi vero accusamus quasi quaerat qui. Eum beatae quisquam pariatur. Libero est alias delectus.', 653.7, 6961, 15, '2018-03-25 15:42:12', '2018-03-25 15:42:12'),
(19, 'magnam', 'Magni expedita at accusantium in rerum veniam distinctio. Assumenda voluptas rerum omnis. Quo et magnam cum adipisci.', 760.64, 2915, 9, '2018-03-25 15:42:12', '2018-03-25 15:42:12'),
(20, 'optio', 'Nisi sed expedita possimus debitis. Ad necessitatibus ipsa debitis ut aut mollitia. Qui odit expedita in voluptatum maiores. Recusandae sequi commodi ut nam sunt.', 593.05, 2775, 23, '2018-03-25 15:42:12', '2018-03-25 15:42:12'),
(21, 'odit', 'Asperiores ut iure non cumque amet est. Excepturi itaque voluptatem debitis officiis incidunt autem voluptas. Nihil cum consequatur praesentium magni et. Molestias placeat libero voluptatem ab alias iusto odio. Cupiditate possimus porro mollitia rerum fuga quasi rerum.', 971.27, 1318, 29, '2018-03-25 15:42:12', '2018-03-25 15:42:12'),
(22, 'dolores', 'Corrupti autem adipisci reiciendis ut sequi aliquid consequatur. Eum et velit sequi perferendis perspiciatis. Nobis enim animi ut ipsa non.', 301.9, 6367, 6, '2018-03-25 15:42:12', '2018-03-25 15:42:12'),
(23, 'quis', 'Omnis excepturi nam corporis nam omnis blanditiis magni. Ut omnis est minima molestias rerum.', 772.13, 185, 21, '2018-03-25 15:42:12', '2018-03-25 15:42:12'),
(24, 'voluptatem', 'Blanditiis non dignissimos quasi et quasi molestiae. Et sed omnis deserunt. Voluptates id sunt nam velit dolorem vitae quaerat aut.', 736.9, 3377, 26, '2018-03-25 15:42:12', '2018-03-25 15:42:12'),
(25, 'qui', 'Voluptatem quo placeat officiis excepturi rerum deserunt unde. Delectus doloremque totam sapiente magni rerum. Pariatur omnis ratione et perferendis aliquid vitae. Dolores sed qui aperiam repellat. Quis vitae excepturi dolores dolor in modi autem voluptas.', 419.57, 875, 29, '2018-03-25 15:42:12', '2018-03-25 15:42:12'),
(26, 'odit', 'Voluptatem rem facilis perspiciatis exercitationem quod. Esse ut eum tempora vel. Ex autem dolorum rerum et dolores numquam consectetur.', 857.6, 1722, 9, '2018-03-25 15:42:12', '2018-03-25 15:42:12'),
(27, 'voluptatem', 'Quasi aut doloremque nam unde porro at. Impedit sit porro aperiam sint. Iste harum ut aliquid dolores laboriosam. Eos quasi quaerat in maxime ex.', 858.54, 3901, 20, '2018-03-25 15:42:12', '2018-03-25 15:42:12'),
(28, 'eos', 'Sapiente cumque maxime qui. Quis eaque consequuntur voluptas. Ea quos labore ipsa quae iste minus provident.', 379.18, 6480, 17, '2018-03-25 15:42:12', '2018-03-25 15:42:12'),
(29, 'animi', 'Iure voluptas sapiente eos assumenda. Necessitatibus perspiciatis omnis corrupti facere et laborum. Voluptatem sint quos ipsum rem.', 567.36, 4757, 23, '2018-03-25 15:42:12', '2018-03-25 15:42:12'),
(30, 'et', 'Commodi molestiae non quaerat temporibus odit autem similique. Sit atque accusantium suscipit voluptas voluptas. Consequatur laborum qui ipsum quae quo suscipit reprehenderit.', 759.94, 5768, 6, '2018-03-25 15:42:12', '2018-03-25 15:42:12'),
(31, 'voluptate', 'Commodi mollitia iusto in dicta. Saepe eos et placeat sunt ut. Eum numquam ratione iure provident quaerat. Nisi occaecati sit consequatur repellat quaerat.', 568.85, 9921, 3, '2018-03-25 15:42:12', '2018-03-25 15:42:12'),
(32, 'sit', 'Quo harum neque et velit molestiae itaque. Excepturi aut nostrum et totam reprehenderit explicabo velit. Ratione sunt in qui est dolores et.', 248.85, 5593, 18, '2018-03-25 15:42:12', '2018-03-25 15:42:12'),
(33, 'in', 'Aut cumque delectus minima repellat nemo. Magnam exercitationem sit laudantium necessitatibus. Quos quia commodi laudantium.', 87.96, 2560, 24, '2018-03-25 15:42:12', '2018-03-25 15:42:12'),
(34, 'quisquam', 'Placeat sunt odit consequuntur sed ut tenetur. Sed et sed voluptas. Expedita ab architecto facere voluptas consequatur.', 196.87, 5104, 3, '2018-03-25 15:42:12', '2018-03-25 15:42:12'),
(35, 'assumenda', 'Unde voluptatum ea natus rerum iste earum. Illo sed autem nobis qui ratione. Nihil amet quia itaque aut ea.', 518.39, 3759, 9, '2018-03-25 15:42:12', '2018-03-25 15:42:12'),
(36, 'cum', 'Dolores quia veniam eaque quasi corporis aliquam dolores. Accusamus vitae nulla ut. Velit laboriosam omnis necessitatibus quo sint. Sunt blanditiis commodi corrupti explicabo iure ut.', 734.75, 9972, 20, '2018-03-25 15:42:12', '2018-03-25 15:42:12'),
(37, 'assumenda', 'Molestias quod aliquam iusto vel sed. Qui omnis ut et tempore. Quam ea consequatur debitis rerum dolorem accusantium ducimus.', 762.01, 3988, 29, '2018-03-25 15:42:13', '2018-03-25 15:42:13'),
(38, 'neque', 'Est iure quidem adipisci et in. Nesciunt non est quo qui est. Mollitia necessitatibus excepturi quia soluta.', 569.2, 4944, 12, '2018-03-25 15:42:13', '2018-03-25 15:42:13'),
(39, 'voluptatem', 'Magni fugit expedita molestiae at deserunt facere. Numquam rem molestiae nemo aut consequatur. Magnam ut a et a.', 858.44, 1251, 4, '2018-03-25 15:42:13', '2018-03-25 15:42:13'),
(40, 'ut', 'Corporis ullam in ratione et dolores eos. Porro dolor qui quis nam. Vero rerum non voluptatibus quia. Qui nobis excepturi consequatur repellat omnis incidunt.', 952.78, 7457, 5, '2018-03-25 15:42:13', '2018-03-25 15:42:13'),
(41, 'quo', 'Deleniti culpa sit quod officiis harum ipsam perferendis. Aut debitis aut vero est est. Cupiditate harum eos quae sint saepe consequatur similique.', 102.34, 5287, 28, '2018-03-25 15:42:13', '2018-03-25 15:42:13'),
(42, 'voluptas', 'Sed quasi nesciunt voluptas excepturi. Voluptatem totam qui est aut nesciunt. Soluta qui quis ex. Ratione beatae nam beatae saepe nam facere.', 72.53, 8842, 28, '2018-03-25 15:42:13', '2018-03-25 15:42:13'),
(43, 'et', 'Nemo ut perspiciatis sit voluptatibus quo non. Voluptate tenetur aut qui molestias expedita delectus. Autem magnam in minima labore nisi et sed id. Eum dicta sunt vero quibusdam et.', 746.63, 1277, 22, '2018-03-25 15:42:13', '2018-03-25 15:42:13'),
(44, 'deserunt', 'Perferendis aut fugit quis enim nihil. Eveniet porro qui aut a tempore numquam veniam. Reprehenderit accusantium doloribus natus vel ut id.', 627.44, 2941, 18, '2018-03-25 15:42:13', '2018-03-25 15:42:13'),
(45, 'porro', 'Eos sint iure corporis nihil. Officiis quo quas impedit numquam et. Aspernatur voluptas et hic necessitatibus ipsa quia.', 38.92, 620, 8, '2018-03-25 15:42:13', '2018-03-25 15:42:13'),
(46, 'maxime', 'Tenetur rerum perspiciatis alias omnis ipsa temporibus. Fugit dolorum nemo ad earum. Atque ipsum deleniti quis atque.', 533.27, 6596, 16, '2018-03-25 15:42:13', '2018-03-25 15:42:13'),
(47, 'repellat', 'Voluptas ut sapiente voluptatem odio sapiente dolorem repellat. Minima aliquid voluptatem sint deserunt necessitatibus ut. Repudiandae quos eveniet voluptatem omnis rerum cum et. Dolorem illo quis delectus fugiat dolores ea. Maiores natus magnam porro vel.', 28.13, 6230, 30, '2018-03-25 15:42:13', '2018-03-25 15:42:13'),
(48, 'assumenda', 'Pariatur voluptatem sint architecto perspiciatis omnis. Saepe voluptas aperiam illo. Dolorem ipsum earum omnis sed et.', 446.58, 483, 5, '2018-03-25 15:42:13', '2018-03-25 15:42:13'),
(49, 'voluptas', 'Sequi praesentium architecto quo aliquid eveniet. Sunt voluptatem animi fugiat error unde. Qui non ut dolore aut ut velit animi.', 918.06, 4376, 28, '2018-03-25 15:42:13', '2018-03-25 15:42:13'),
(50, 'exercitationem', 'Natus eaque aut ut nemo harum enim explicabo quia. Qui aliquid sunt vel voluptas quia aut. Nisi nostrum cum veritatis nesciunt dolores et quisquam.', 602.94, 143, 10, '2018-03-25 15:42:13', '2018-03-25 15:42:13'),
(51, 'ut', 'Est est doloremque natus aut odio nulla et consequatur. Quia sunt deleniti neque. Optio quisquam veniam voluptatum et voluptatem quis. Iste nihil recusandae reprehenderit alias qui ut explicabo.', 401.34, 2513, 3, '2018-03-25 15:43:40', '2018-03-25 15:43:40'),
(52, 'et', 'Ratione assumenda deleniti excepturi maiores. Minus perferendis enim nulla autem ullam corporis. Natus voluptatem libero molestias esse in autem reiciendis. Repellat inventore tempora non architecto voluptatem nisi quia voluptatem.', 405.21, 509, 13, '2018-03-25 15:43:40', '2018-03-25 15:43:40'),
(53, 'non', 'Dolorem autem qui officia ut voluptates quibusdam minima quas. Voluptate ratione vel fuga dolorum dignissimos. Consequatur officiis et et exercitationem et.', 538.15, 2647, 19, '2018-03-25 15:43:40', '2018-03-25 15:43:40'),
(54, 'est', 'Aspernatur blanditiis possimus ipsum qui earum dolorem non sunt. Voluptatem tenetur tenetur molestiae et. Consectetur tempore dolorum aut pariatur dolorem ratione excepturi.', 127.9, 5909, 2, '2018-03-25 15:43:40', '2018-03-25 15:43:40'),
(55, 'doloremque', 'Quia repellat sunt a magni. Quam quaerat dolorem voluptas est cumque itaque alias. Quam quos id est voluptatem est qui dignissimos. Molestiae et molestiae aut.', 611.27, 9204, 16, '2018-03-25 15:43:40', '2018-03-25 15:43:40'),
(56, 'corrupti', 'Maiores eaque est sapiente modi in numquam. Praesentium temporibus voluptas assumenda odio eius illo doloribus.', 236.79, 7969, 19, '2018-03-25 15:43:40', '2018-03-25 15:43:40'),
(57, 'consequatur', 'Id odio maxime deleniti et aut consequatur minima. Reprehenderit quo tenetur sunt aut. Omnis ratione deleniti quibusdam explicabo veritatis numquam perferendis.', 10.48, 8977, 29, '2018-03-25 15:43:40', '2018-03-25 15:43:40'),
(58, 'quidem', 'Dolorem sunt doloremque suscipit ipsum fuga unde necessitatibus. Quo quo enim minus modi id voluptatem. Adipisci eos necessitatibus sit aut. Deleniti omnis aut voluptate.', 204.33, 3875, 22, '2018-03-25 15:43:40', '2018-03-25 15:43:40'),
(59, 'accusamus', 'Odio est recusandae et aut aspernatur aliquam accusantium et. Et fugiat ut veritatis ratione vitae. Blanditiis itaque aliquam pariatur neque.', 464.54, 6891, 24, '2018-03-25 15:43:40', '2018-03-25 15:43:40'),
(60, 'deserunt', 'Sunt autem vitae dolor nihil vitae minima. Corporis sint sapiente ut doloribus. Impedit libero fugiat repudiandae sunt eius ut.', 878.43, 3313, 8, '2018-03-25 15:43:40', '2018-03-25 15:43:40'),
(61, 'autem', 'Architecto odio et quas deserunt. Dicta consequatur fugiat aliquid distinctio ducimus aut. Eveniet molestias omnis est iure iure voluptatem. Sit voluptate voluptates ex recusandae est.', 355.43, 341, 7, '2018-03-25 15:43:40', '2018-03-25 15:43:40'),
(62, 'omnis', 'Soluta praesentium voluptatem nam. Est reiciendis ea dolorum fugiat quibusdam. Perspiciatis ea reiciendis consequatur quia velit. Doloribus alias reiciendis non perferendis rerum totam.', 866.22, 1028, 21, '2018-03-25 15:43:40', '2018-03-25 15:43:40'),
(63, 'amet', 'Ullam illum nemo tempore dolores. Aliquam tenetur tempora consequatur veritatis nemo minus molestias.', 345.66, 7030, 16, '2018-03-25 15:43:40', '2018-03-25 15:43:40'),
(64, 'laborum', 'Quia repudiandae velit dignissimos dolore quis facilis delectus. Vel nostrum cupiditate et aperiam soluta. Qui repudiandae quas tempora. Ab quaerat non vel voluptates.', 795.1, 8067, 2, '2018-03-25 15:43:40', '2018-03-25 15:43:40'),
(65, 'facilis', 'Delectus ea eius expedita dolorem eos aut. Doloribus est corporis expedita autem. Ut et vero dolorem quo qui sint. Sed eius quae tempora repellat sit quia ut.', 409.96, 9953, 23, '2018-03-25 15:43:40', '2018-03-25 15:43:40'),
(66, 'quo', 'Aut deleniti et adipisci. Dolorem voluptatum officiis repellat officia deleniti cum. Asperiores error sit cumque dolor consequatur deleniti sit.', 619.2, 3976, 11, '2018-03-25 15:43:40', '2018-03-25 15:43:40'),
(67, 'ab', 'Quod totam neque et debitis. Beatae maxime quas consequatur neque asperiores. Aut deleniti quam debitis exercitationem quia nesciunt modi. Qui quis est accusamus at cumque aliquam est aut. Expedita illo hic dolor.', 102.09, 6776, 19, '2018-03-25 15:43:40', '2018-03-25 15:43:40'),
(68, 'et', 'Minus a occaecati quo voluptas quia porro natus voluptas. Nobis porro nulla est quas. Et quam voluptatem alias repudiandae quia laudantium cumque. Necessitatibus non quia incidunt labore.', 258.07, 9958, 21, '2018-03-25 15:43:40', '2018-03-25 15:43:40'),
(69, 'consequatur', 'Rerum et voluptatem reprehenderit sed at eaque saepe. Omnis aut aut nulla accusantium. Consequatur culpa vitae numquam in provident. Dolor illo qui excepturi eum voluptates.', 297.65, 7112, 13, '2018-03-25 15:43:40', '2018-03-25 15:43:40'),
(70, 'modi', 'Velit dolore reprehenderit rerum voluptatem. Libero accusamus non temporibus dolore. Doloribus vero doloribus similique consequuntur sunt.', 83.48, 2774, 28, '2018-03-25 15:43:40', '2018-03-25 15:43:40'),
(71, 'aut', 'Iusto et architecto atque laudantium quaerat voluptas. Natus similique error nemo dolores et quia. Placeat quis et quasi corrupti facere voluptas perferendis.', 805.47, 2639, 11, '2018-03-25 15:43:40', '2018-03-25 15:43:40'),
(72, 'aut', 'Voluptates est aut impedit eveniet sed unde quasi. Voluptates consequatur fuga ad dolores at nostrum. Qui nihil velit hic voluptatem sunt et. Eveniet reprehenderit similique aut expedita.', 817.1, 2371, 20, '2018-03-25 15:43:41', '2018-03-25 15:43:41'),
(73, 'dolor', 'Enim voluptatum architecto enim. Voluptates quam quas facere. Vitae et molestiae dolorem similique dolorum soluta voluptatibus.', 858.4, 3447, 4, '2018-03-25 15:43:41', '2018-03-25 15:43:41'),
(74, 'quisquam', 'Dolorum deserunt saepe tempore eligendi autem quis nihil ut. Qui deserunt ipsam non aut. Doloribus dolores enim sapiente molestias dolore velit repellendus officiis. Unde assumenda praesentium pariatur dolor nihil beatae.', 615.79, 9614, 26, '2018-03-25 15:43:41', '2018-03-25 15:43:41'),
(75, 'expedita', 'Ea et sint dolorem velit animi voluptas numquam. Assumenda at praesentium labore fuga in. In eos nihil consectetur velit. Earum omnis aut sapiente praesentium ut rerum.', 415.44, 490, 3, '2018-03-25 15:43:41', '2018-03-25 15:43:41'),
(76, 'quasi', 'Optio temporibus molestias voluptate doloribus. Eligendi fugit blanditiis consequatur aut consequatur. Ipsam blanditiis maxime repellat exercitationem accusantium. Praesentium veniam optio corporis et voluptatem rerum.', 257.52, 8235, 2, '2018-03-25 15:43:41', '2018-03-25 15:43:41'),
(77, 'rerum', 'Impedit corporis qui rerum vitae est fuga debitis aut. Est et accusantium ullam maxime laborum eaque dolor. Molestiae voluptatem ut sed eum distinctio temporibus qui numquam.', 547.48, 4716, 16, '2018-03-25 15:43:41', '2018-03-25 15:43:41'),
(78, 'consequatur', 'Aut eveniet id quia doloribus libero asperiores deserunt. Repudiandae maiores quia omnis eum repellat repellat. Itaque asperiores magni nemo quos nihil qui fugit dolorum. Dolores quaerat quis et minus cum aut nemo.', 365.35, 5846, 9, '2018-03-25 15:43:41', '2018-03-25 15:43:41'),
(79, 'itaque', 'Et provident reiciendis facilis. Excepturi quae culpa cupiditate quo fuga corporis. Dicta quia eius ut dolor consequatur corrupti repellat doloribus. Cum ullam repellat illo blanditiis voluptatum est harum.', 317.66, 9042, 17, '2018-03-25 15:43:41', '2018-03-25 15:43:41'),
(80, 'modi', 'Impedit aperiam ut ipsa commodi eum unde aperiam. Et sed doloremque ducimus quod maxime. Nulla et pariatur veritatis nostrum nulla.', 722.52, 2116, 10, '2018-03-25 15:43:41', '2018-03-25 15:43:41'),
(81, 'magnam', 'Aspernatur et molestiae sunt dolorum unde quia. Sed aliquid fugit non eveniet sunt occaecati deleniti fugiat. Deleniti consequatur quis in fuga nemo rem aut non. Perferendis quidem maiores velit magnam nostrum eveniet est.', 569, 3234, 25, '2018-03-25 15:43:41', '2018-03-25 15:43:41'),
(82, 'quis', 'Qui vel qui et facilis eos. Voluptates autem explicabo quisquam atque officia aperiam. Eum sunt dolor vitae consectetur reiciendis quas. Animi expedita ullam quia.', 659.25, 4914, 12, '2018-03-25 15:43:41', '2018-03-25 15:43:41'),
(83, 'aut', 'Dolor repellendus reiciendis voluptas ea nobis et. Sit ea eveniet hic incidunt. Et iure eveniet consequuntur numquam consequatur.', 459.24, 1368, 10, '2018-03-25 15:43:41', '2018-03-25 15:43:41'),
(84, 'quibusdam', 'Ipsa dolorum laborum maiores sit. Amet et voluptatibus in optio delectus. Voluptas molestias enim reprehenderit dolor in. Impedit facere possimus quis quod qui omnis eum.', 281.29, 832, 20, '2018-03-25 15:43:41', '2018-03-25 15:43:41'),
(85, 'omnis', 'Recusandae voluptatum amet tenetur sit enim. Doloribus sit laudantium enim nobis id qui earum. Animi dolores nobis mollitia tenetur qui delectus corporis. Id odit fugiat distinctio similique veritatis eius.', 974.59, 6546, 2, '2018-03-25 15:43:41', '2018-03-25 15:43:41'),
(86, 'ducimus', 'Et nihil maxime accusantium ratione nobis neque. Quod qui nemo facere voluptas quas optio quia. Eos commodi qui quia est autem animi. Pariatur laboriosam quis rerum fugiat et.', 830.56, 6959, 21, '2018-03-25 15:43:41', '2018-03-25 15:43:41'),
(87, 'odio', 'Sit consequuntur aut sunt. Nam molestiae officiis optio quibusdam. Aspernatur minima voluptas et velit et ut aut blanditiis.', 85.73, 4682, 9, '2018-03-25 15:43:41', '2018-03-25 15:43:41'),
(88, 'sint', 'Dignissimos doloremque nihil fugit quibusdam aut. Et totam aut accusantium. Nam similique sint hic tempore ut. Illo fugit dolor consectetur cumque molestias.', 767.64, 2338, 13, '2018-03-25 15:43:41', '2018-03-25 15:43:41'),
(89, 'et', 'Rerum id qui in enim provident accusantium. In consequatur reprehenderit nisi in ut officia eaque est. Eligendi occaecati rerum et.', 461.42, 5360, 24, '2018-03-25 15:43:41', '2018-03-25 15:43:41'),
(90, 'ut', 'Unde quaerat aut voluptates possimus totam. Voluptatem nihil fugiat soluta. Nesciunt nesciunt doloremque expedita sed. Et numquam praesentium magni.', 269.75, 5083, 21, '2018-03-25 15:43:41', '2018-03-25 15:43:41'),
(91, 'sed', 'Ut velit cumque laudantium consequuntur sit omnis rerum. Quam et incidunt quisquam provident aperiam. Ea hic perspiciatis laboriosam cupiditate. Itaque corporis et occaecati voluptate maxime minima.', 263.94, 7916, 30, '2018-03-25 15:43:41', '2018-03-25 15:43:41'),
(92, 'optio', 'Necessitatibus voluptas nisi nemo. Sed culpa incidunt ut minus. Sapiente sint quia labore omnis ex. Magnam blanditiis eos inventore ex hic quia.', 61.34, 7087, 21, '2018-03-25 15:43:41', '2018-03-25 15:43:41'),
(93, 'occaecati', 'Qui eligendi ut aut unde optio. Ut aliquam aut earum explicabo excepturi qui. Aut aut nulla ea consequatur dicta qui esse.', 625.3, 3121, 12, '2018-03-25 15:43:41', '2018-03-25 15:43:41'),
(94, 'aperiam', 'Cupiditate sunt amet qui sint. Doloremque nobis ab quo natus. Aut ducimus rem rerum aut est est sit. Quod soluta et omnis et rerum nihil et.', 435.32, 6166, 17, '2018-03-25 15:43:41', '2018-03-25 15:43:41'),
(95, 'laborum', 'Natus laboriosam repellat aut doloremque consectetur tempore. Minima autem aut quis molestiae. Iure vero eum numquam neque dicta quaerat alias. Quia earum dignissimos aut et recusandae iste.', 560.39, 6727, 27, '2018-03-25 15:43:41', '2018-03-25 15:43:41'),
(96, 'est', 'Et totam maxime nemo facere beatae cupiditate. Velit placeat beatae vel dolores reprehenderit. Quasi est id vel rerum quisquam quis. Quasi illo a corporis ipsum laudantium.', 560.34, 164, 25, '2018-03-25 15:43:41', '2018-03-25 15:43:41'),
(97, 'eum', 'Et rerum assumenda blanditiis autem. Facilis commodi laboriosam corrupti voluptas est ab incidunt.', 75.05, 3731, 20, '2018-03-25 15:43:41', '2018-03-25 15:43:41'),
(98, 'aliquid', 'Quia sed impedit numquam sequi consequatur qui quo. Quis nesciunt soluta voluptas reiciendis ea. Minus id eum et quibusdam. Sed ipsa velit dolor.', 769.36, 8841, 27, '2018-03-25 15:43:41', '2018-03-25 15:43:41'),
(99, 'dolorem', 'Quis deleniti velit rem eaque non. Est quas quo est ipsum et praesentium quos ut. Nesciunt omnis ullam odio minima et. Quia iste sequi magni repellendus.', 829.73, 9330, 8, '2018-03-25 15:43:41', '2018-03-25 15:43:41'),
(100, 'ipsam', 'Cupiditate enim sit numquam nulla. Ut laudantium aut in architecto. Corrupti consequatur est est aut similique vel officia eveniet.', 222.02, 6576, 27, '2018-03-25 15:43:41', '2018-03-25 15:43:41'),
(101, 'voluptatem', 'Ut eligendi quod ratione officia aut adipisci possimus. Blanditiis sapiente dolor ut ut. Dolore et commodi voluptas ea laboriosam nulla possimus. Sunt aliquid corporis dolorem vero quae consectetur aut.', 714.49, 8943, 4, '2018-03-25 15:44:07', '2018-03-25 15:44:07'),
(102, 'rerum', 'Unde nisi est aut non rem error vel. Ipsam ullam eos sunt commodi. Consequatur quia nihil quae ea sunt.', 307.72, 9188, 6, '2018-03-25 15:44:07', '2018-03-25 15:44:07'),
(103, 'quidem', 'Voluptas dolore rerum sapiente ex ut mollitia rerum aut. Quis et qui ducimus incidunt sunt iste et. Voluptatem expedita ullam voluptatem quia.', 734.43, 2744, 14, '2018-03-25 15:44:07', '2018-03-25 15:44:07'),
(104, 'et', 'Aut rerum et saepe architecto mollitia. Dolore et doloremque ipsam ullam. Omnis eius consequatur at mollitia illo ipsa quia.', 67.3, 2072, 21, '2018-03-25 15:44:07', '2018-03-25 15:44:07'),
(105, 'id', 'Placeat et quia sit. Minus nostrum beatae enim amet. Et qui tenetur maxime a aperiam id quod error.', 166.24, 867, 14, '2018-03-25 15:44:07', '2018-03-25 15:44:07'),
(106, 'nostrum', 'Quis et eaque eum eaque voluptatem consectetur nisi. Eos sunt rerum eveniet. Officia adipisci alias accusantium molestiae. Neque magni quis excepturi asperiores voluptas.', 883.71, 961, 11, '2018-03-25 15:44:07', '2018-03-25 15:44:07'),
(107, 'sed', 'Eos autem assumenda delectus natus ipsa. Nihil et ut dolorum optio natus a. Provident iste provident reprehenderit. Ex expedita placeat debitis autem.', 732.91, 2964, 16, '2018-03-25 15:44:07', '2018-03-25 15:44:07'),
(108, 'aut', 'Accusamus qui ea culpa doloremque nihil sit harum. Pariatur id illo debitis. Voluptatem aperiam enim eos ipsa aspernatur.', 616.83, 2471, 15, '2018-03-25 15:44:07', '2018-03-25 15:44:07'),
(109, 'sint', 'Soluta dolor sit in eum. Odit quaerat ipsum ullam vitae. Voluptatem ut praesentium et tempora odio molestiae et fuga. Asperiores aut nobis repellat error. Occaecati quidem pariatur occaecati qui facere nisi.', 644.23, 7426, 23, '2018-03-25 15:44:07', '2018-03-25 15:44:07'),
(110, 'qui', 'Minima dolorem nulla et voluptatem dolore. Eum quisquam delectus eveniet omnis et consequatur non. Sint culpa ea est vel.', 795.01, 8036, 25, '2018-03-25 15:44:07', '2018-03-25 15:44:07'),
(111, 'et', 'Quibusdam dicta nihil ipsum eos. Id ad quas praesentium eius aspernatur est. Voluptatem quia aut rerum ipsam ut quisquam. Quo saepe aut ut quos expedita quidem nostrum.', 675.73, 5203, 30, '2018-03-25 15:44:07', '2018-03-25 15:44:07'),
(112, 'placeat', 'Magnam dolor fuga dolorum id possimus expedita provident. Dolore illum incidunt atque maxime magnam tempore id nihil.', 471.7, 5117, 15, '2018-03-25 15:44:07', '2018-03-25 15:44:07'),
(113, 'est', 'Ut quia illum ut eaque sint. Molestiae non aliquid eum cum autem rem. Ratione soluta qui laudantium quisquam eveniet.', 708.52, 2384, 8, '2018-03-25 15:44:07', '2018-03-25 15:44:07'),
(114, 'autem', 'Quis sunt rerum fuga sed incidunt ex. Et repudiandae voluptatem quae debitis eos sit. Maiores voluptas et esse cum.', 172.97, 1976, 30, '2018-03-25 15:44:07', '2018-03-25 15:44:07'),
(115, 'facilis', 'Magni aut sit quo unde molestiae esse. Quos aut dolorem aperiam a est laboriosam. Ut eos et sed facere amet at illum. Et ullam et rerum nemo non.', 231.63, 168, 19, '2018-03-25 15:44:07', '2018-03-25 15:44:07'),
(116, 'deserunt', 'Adipisci at consequatur molestiae atque veritatis. Quaerat velit illum saepe architecto dolor. Nihil minus provident inventore quisquam facilis. Voluptatibus inventore sit commodi officia doloribus suscipit dolores.', 632.87, 8147, 18, '2018-03-25 15:44:08', '2018-03-25 15:44:08'),
(117, 'nulla', 'Magni non repellat vel amet accusantium architecto esse. In ut voluptas sed sequi sit saepe aspernatur. Laborum dolores eum est.', 74.58, 8140, 23, '2018-03-25 15:44:08', '2018-03-25 15:44:08'),
(118, 'facilis', 'Dolore quis voluptas quis molestiae ratione fugit. Animi eum et non ut exercitationem omnis voluptates. Laborum fugit impedit ut est. Adipisci ut omnis illum iste.', 407.82, 9828, 7, '2018-03-25 15:44:08', '2018-03-25 15:44:08'),
(119, 'asperiores', 'Et nam fugiat et voluptatibus. Deserunt nobis molestias iure necessitatibus magni aut vero. Nemo dolorem odit eos at quia.', 599.85, 4871, 7, '2018-03-25 15:44:08', '2018-03-25 15:44:08'),
(120, 'consequatur', 'Sit dolorem praesentium ad incidunt dignissimos inventore sint. Et iusto vel aut aut enim voluptatum. Nemo sed qui nesciunt sunt aut quaerat ipsam. Velit laboriosam molestiae quis ut ex ducimus.', 29.08, 1482, 12, '2018-03-25 15:44:08', '2018-03-25 15:44:08'),
(121, 'ipsa', 'Quia nobis eum dicta quia mollitia cumque. Soluta earum officia modi quas voluptatem neque. Mollitia ea consequatur quisquam nostrum. Veritatis architecto et sequi asperiores voluptatem nam.', 193.39, 2801, 17, '2018-03-25 15:44:08', '2018-03-25 15:44:08'),
(122, 'maiores', 'Ratione aspernatur voluptate est enim. Itaque laudantium alias voluptas expedita autem. Et voluptate occaecati et vel consequuntur.', 304.95, 8632, 28, '2018-03-25 15:44:08', '2018-03-25 15:44:08'),
(123, 'ut', 'Ut quisquam iure cum. Quis et sunt et quo nesciunt nulla. Dicta suscipit animi esse laudantium eum. Esse quis magnam quis omnis. Et et quisquam consequatur provident qui ab.', 990.28, 4902, 14, '2018-03-25 15:44:08', '2018-03-25 15:44:08'),
(124, 'suscipit', 'Similique tempora velit molestias tempora expedita in. Et vel sint repudiandae in molestias. Ut aliquam voluptates dolorem aut. Recusandae quasi voluptatem corrupti saepe itaque.', 177.85, 4987, 13, '2018-03-25 15:44:08', '2018-03-25 15:44:08'),
(125, 'tempore', 'Ut facilis voluptatem omnis saepe fugiat et voluptatem. Nihil rem quasi eum quas necessitatibus autem aliquid unde. Voluptas quasi quos quam adipisci inventore. Maxime quod accusantium non omnis numquam voluptatem ut.', 281.05, 8392, 26, '2018-03-25 15:44:08', '2018-03-25 15:44:08'),
(126, 'ut', 'Quod eos qui quam sunt. Dolorem incidunt dolorem labore esse qui recusandae. Eius fugiat quod repudiandae voluptatem quo vel.', 488.34, 6875, 30, '2018-03-25 15:44:08', '2018-03-25 15:44:08'),
(127, 'non', 'Dolor id assumenda possimus et. Odit esse et in ex velit labore voluptatum. Ab aut et optio voluptatem.', 194.1, 4223, 16, '2018-03-25 15:44:08', '2018-03-25 15:44:08'),
(128, 'dolorem', 'Cumque qui natus deserunt reprehenderit et reiciendis occaecati sit. Quibusdam quia sed ea. Cupiditate sit ut veritatis et corporis iure rerum.', 146.69, 8089, 11, '2018-03-25 15:44:08', '2018-03-25 15:44:08'),
(129, 'explicabo', 'Sunt necessitatibus sed distinctio debitis similique aut nobis. Autem quo fugit sed reprehenderit rem dolore placeat perspiciatis. Nihil dolor labore iste velit accusamus facere.', 317.01, 6407, 21, '2018-03-25 15:44:08', '2018-03-25 15:44:08'),
(130, 'sunt', 'Ea dolorem rerum inventore veniam saepe laborum. Vel dolorum quia quae ut. Minima dolores expedita voluptatem odio a omnis. Officiis eum ea fugiat.', 256.01, 6565, 7, '2018-03-25 15:44:08', '2018-03-25 15:44:08'),
(131, 'ut', 'Asperiores aut exercitationem velit delectus non aliquid. Voluptatem doloribus atque placeat eaque adipisci nesciunt. Sed ipsam voluptas mollitia provident qui nesciunt. Soluta omnis quas tenetur quis.', 956.71, 6920, 17, '2018-03-25 15:44:08', '2018-03-25 15:44:08'),
(132, 'velit', 'Quia officia id ut perferendis at unde. Laborum cumque exercitationem alias quia ipsam. Non aliquam omnis eos numquam facere. Quia officia illo nesciunt voluptatem cumque eos odio.', 374.89, 525, 8, '2018-03-25 15:44:08', '2018-03-25 15:44:08'),
(133, 'dignissimos', 'Et explicabo laudantium aut consequuntur ratione quo. Qui omnis quas numquam delectus eum aliquid. Doloribus aspernatur repudiandae sit qui. Voluptas id facere sed doloribus voluptatem eum.', 559.41, 8067, 30, '2018-03-25 15:44:08', '2018-03-25 15:44:08'),
(134, 'ad', 'Qui enim est quia ea. In neque sapiente molestiae qui voluptates. Velit quod ducimus error dolore accusantium.', 726.02, 268, 14, '2018-03-25 15:44:08', '2018-03-25 15:44:08'),
(135, 'temporibus', 'Ut accusantium nam quis alias laborum et ut repellat. Eligendi est expedita mollitia dolorum placeat corrupti doloribus tempore. Corrupti nostrum rerum inventore nihil voluptate blanditiis corrupti.', 704.45, 4359, 11, '2018-03-25 15:44:08', '2018-03-25 15:44:08'),
(136, 'dolores', 'Enim autem quae nam odit illo. Ipsam quia sunt omnis similique. Recusandae iusto quisquam velit non.', 250.95, 5085, 18, '2018-03-25 15:44:08', '2018-03-25 15:44:08'),
(137, 'quas', 'Inventore consectetur quidem sit rerum vitae velit deleniti. Facere itaque modi soluta totam. Quaerat aut id et sed error impedit. Porro quod nobis dolorum repellat magni tempora.', 119.42, 5985, 22, '2018-03-25 15:44:08', '2018-03-25 15:44:08'),
(138, 'numquam', 'Qui laborum alias occaecati aliquam nesciunt iure iste. Dicta saepe ut aut ducimus quo necessitatibus dolorem est. Quo quam qui soluta velit unde. Est accusamus harum magnam harum quis nostrum saepe.', 868.75, 5906, 14, '2018-03-25 15:44:08', '2018-03-25 15:44:08'),
(139, 'harum', 'Laborum praesentium itaque consequatur doloribus quasi sed delectus. In quia saepe ea ab dolores commodi tenetur. Corporis qui quasi quibusdam reiciendis. Quo quo cum debitis facilis est suscipit est. Perferendis reiciendis voluptate quas ducimus.', 463.11, 7238, 14, '2018-03-25 15:44:08', '2018-03-25 15:44:08'),
(140, 'quia', 'Et consequatur quisquam quam repellendus quod enim id. Id qui laboriosam at nam quia assumenda. Odit ea ipsam neque temporibus. Quibusdam laudantium consequatur adipisci praesentium mollitia autem et.', 739.13, 8003, 20, '2018-03-25 15:44:08', '2018-03-25 15:44:08'),
(141, 'consectetur', 'Nihil enim qui voluptatibus. Numquam laboriosam aliquam odit quaerat eos accusamus quam esse. Rerum possimus alias explicabo dolorum corrupti est quam. Commodi ducimus laboriosam architecto iste dolorem laboriosam rerum.', 961.18, 4091, 24, '2018-03-25 15:44:08', '2018-03-25 15:44:08'),
(142, 'temporibus', 'Recusandae itaque illo adipisci ipsa quisquam. Cum repellendus culpa nostrum earum eius cum vel. Cupiditate corporis voluptatem eveniet aut.', 830.2, 375, 21, '2018-03-25 15:44:09', '2018-03-25 15:44:09'),
(143, 'totam', 'Dolores nemo quas non tempore aut. Optio iste dolore et incidunt culpa magnam. Beatae nesciunt nesciunt cum odio veniam sint. Laudantium provident natus alias sint sed.', 568.2, 5493, 10, '2018-03-25 15:44:09', '2018-03-25 15:44:09'),
(144, 'perspiciatis', 'Quia omnis atque id earum qui tempora. Officia in consectetur odio magnam ut reprehenderit et. Aut cupiditate qui aut at voluptas. Officiis nisi maxime aut at voluptas quibusdam consequatur.', 67.76, 1382, 30, '2018-03-25 15:44:09', '2018-03-25 15:44:09'),
(145, 'qui', 'Voluptas sed optio cum labore doloremque dolorum dignissimos. Reprehenderit ut quibusdam voluptatum quo magni aut ut non. Magnam aliquam rerum distinctio.', 915.46, 6416, 19, '2018-03-25 15:44:09', '2018-03-25 15:44:09'),
(146, 'quia', 'Autem sequi beatae facere repellendus. Provident minima reiciendis voluptatem necessitatibus eaque. Culpa quo repellat reprehenderit at. Molestiae maiores inventore voluptatem voluptatem.', 605.11, 1852, 25, '2018-03-25 15:44:09', '2018-03-25 15:44:09'),
(147, 'eum', 'Voluptas pariatur nesciunt sit deleniti consequatur eos sit. Quis facere quod ut culpa quos. Possimus maiores in repellat labore adipisci laboriosam vitae. Et magni accusantium praesentium velit facilis.', 93.37, 2888, 20, '2018-03-25 15:44:09', '2018-03-25 15:44:09'),
(148, 'commodi', 'Voluptas omnis aut delectus. At veritatis reiciendis in voluptate. Id omnis dolorem rerum vel. Et assumenda ut rerum tempore nihil. Ullam in nisi optio et facere.', 816.09, 3316, 13, '2018-03-25 15:44:09', '2018-03-25 15:44:09'),
(149, 'necessitatibus', 'A esse nihil aliquid repudiandae architecto. Atque quo in corporis voluptas. Qui id assumenda iure vel odit. Esse quia soluta sed. Iste explicabo nisi non eum laudantium nam aut nostrum.', 364.2, 5268, 10, '2018-03-25 15:44:09', '2018-03-25 15:44:09'),
(150, 'reprehenderit', 'Ratione atque esse velit quibusdam perspiciatis et sed. Hic nulla dolorem nisi dicta ut.', 920.13, 7964, 26, '2018-03-25 15:44:09', '2018-03-25 15:44:09');

-- --------------------------------------------------------

--
-- Table structure for table `reviews`
--

CREATE TABLE `reviews` (
  `id` int(10) UNSIGNED NOT NULL,
  `product_id` int(10) UNSIGNED NOT NULL,
  `customer` varchar(191) COLLATE utf8mb4_unicode_ci NOT NULL,
  `review` text COLLATE utf8mb4_unicode_ci NOT NULL,
  `star` int(11) NOT NULL,
  `created_at` timestamp NULL DEFAULT NULL,
  `updated_at` timestamp NULL DEFAULT NULL
) ENGINE=InnoDB DEFAULT CHARSET=utf8mb4 COLLATE=utf8mb4_unicode_ci;

--
-- Dumping data for table `reviews`
--

INSERT INTO `reviews` (`id`, `product_id`, `customer`, `review`, `star`, `created_at`, `updated_at`) VALUES
(1, 27, 'Sandrine Corkery', 'Iusto illo quod hic repellendus molestias est. Maxime ab debitis placeat dolorem laboriosam rerum magnam. Corporis ad qui aut ratione repellendus.', 4, '2018-03-25 15:44:12', '2018-03-25 15:44:12'),
(2, 83, 'Daniela Hilll', 'Est nesciunt inventore dignissimos libero placeat. Eos nam dolorem voluptatem consequatur modi. In eos dolores quaerat. Sed commodi quo pariatur illo quia.', 2, '2018-03-25 15:44:13', '2018-03-25 15:44:13'),
(3, 50, 'Ronny Ratke', 'Odit sequi ullam fugiat. Doloribus quia dolorem qui laborum asperiores voluptas alias nulla. Et harum incidunt minima asperiores quis at.', 2, '2018-03-25 15:44:13', '2018-03-25 15:44:13'),
(4, 104, 'Jennyfer Douglas', 'Quas illo minus et quis. Nostrum necessitatibus est odit qui. Nemo et quisquam quas et fuga ut quis. Praesentium neque reiciendis est. Aliquid et natus cupiditate distinctio aut.', 0, '2018-03-25 15:44:13', '2018-03-25 15:44:13'),
(5, 41, 'Bennie Thiel', 'Ipsum qui pariatur sequi eum repudiandae rerum nihil ipsam. In consectetur in qui modi nisi. Veniam reiciendis mollitia maxime harum eaque nesciunt earum dignissimos. Inventore officiis natus fuga vitae et. Et et fugiat rerum velit est.', 3, '2018-03-25 15:44:13', '2018-03-25 15:44:13'),
(6, 129, 'Dr. Shayne Okuneva', 'Voluptas aut quo qui quis laudantium optio et. Nam qui ut maiores consequatur. Tempore officiis placeat et illum architecto. Repellat harum rerum mollitia doloremque sed.', 1, '2018-03-25 15:44:13', '2018-03-25 15:44:13'),
(7, 142, 'Monica Corwin', 'Officia quam consequatur accusantium voluptatum quos odio nesciunt quia. Et maxime aut voluptas. Esse doloremque impedit ipsum debitis.', 3, '2018-03-25 15:44:13', '2018-03-25 15:44:13'),
(8, 61, 'Annamarie McGlynn', 'Adipisci harum iusto molestias et sapiente voluptatem omnis minus. Quisquam culpa reprehenderit nulla ut natus sunt quia. Odio voluptate porro incidunt.', 1, '2018-03-25 15:44:13', '2018-03-25 15:44:13'),
(9, 2, 'Jules Maggio', 'Qui dolores provident iusto et. Omnis minus molestias dolorem facilis cumque ex voluptatem. Dignissimos consequatur est autem asperiores quidem dolores.', 5, '2018-03-25 15:44:13', '2018-03-25 15:44:13'),
(10, 27, 'Desiree Ruecker Sr.', 'Animi possimus sit enim ipsam dicta eum et. Qui perspiciatis sunt voluptatem quam. Minus quas qui nihil eius nam vel.', 3, '2018-03-25 15:44:13', '2018-03-25 15:44:13'),
(11, 128, 'Janae Runte', 'Qui magni est itaque sit omnis ratione eos. Ad libero aut quo asperiores. Laboriosam deserunt culpa quas perferendis mollitia sint laborum. Ea perspiciatis in aut et ipsam eveniet porro.', 1, '2018-03-25 15:44:13', '2018-03-25 15:44:13'),
(12, 6, 'Buford O\'Conner', 'Aut quidem fugit et laudantium perferendis qui. Quo officiis dolorum temporibus quidem ullam ut tempora. Dicta nostrum quibusdam libero qui facilis amet a.', 4, '2018-03-25 15:44:13', '2018-03-25 15:44:13'),
(13, 103, 'Bernie Lang', 'Quibusdam rerum rem consequatur et dolorem ipsa et. Eius dolorum natus et provident maxime fugit consequatur veritatis. Dicta sequi quibusdam non consectetur. Nostrum beatae ut neque. Aliquam harum vero non harum aut similique.', 2, '2018-03-25 15:44:13', '2018-03-25 15:44:13'),
(14, 107, 'Hal Walker', 'Consectetur quia autem sunt quibusdam placeat labore commodi. Excepturi labore neque temporibus non. Aut ut numquam autem quas molestias harum praesentium ut.', 5, '2018-03-25 15:44:13', '2018-03-25 15:44:13'),
(15, 141, 'Erik Beatty', 'Corporis labore voluptatum eum aut impedit. Hic minus illo sapiente architecto nam natus dolor. Voluptatem in qui sed qui.', 5, '2018-03-25 15:44:13', '2018-03-25 15:44:13'),
(16, 63, 'Dr. Alvah Wintheiser', 'Voluptates sint praesentium est hic. Vel consectetur sint necessitatibus.', 1, '2018-03-25 15:44:13', '2018-03-25 15:44:13'),
(17, 76, 'Silas Smith III', 'Voluptas ut odio occaecati nobis possimus. Soluta perferendis ex quia quasi similique reprehenderit. Dolorum eius explicabo quaerat et rem.', 5, '2018-03-25 15:44:13', '2018-03-25 15:44:13'),
(18, 77, 'Estel Hermiston DVM', 'Quia sed aliquam incidunt doloribus velit soluta. Dicta aut omnis provident. Qui aut dolores minima aut dolorum quis adipisci.', 3, '2018-03-25 15:44:13', '2018-03-25 15:44:13'),
(19, 71, 'Ms. Luisa Green', 'Quod est quos sunt dolorem aut qui. Numquam vel aperiam et exercitationem pariatur quae ex. Ratione consectetur fugiat hic rerum aspernatur aut quia. Eveniet non amet corrupti.', 5, '2018-03-25 15:44:13', '2018-03-25 15:44:13'),
(20, 38, 'Mr. Shayne DuBuque I', 'Voluptas dolorem impedit officiis ratione. Dolore et magni enim placeat. Hic est est veniam quia labore dolorum. Saepe totam voluptas fuga eos sint.', 2, '2018-03-25 15:44:13', '2018-03-25 15:44:13'),
(21, 88, 'Easton Berge', 'Non aspernatur odit tenetur at. Voluptas ipsa perferendis consequatur consequatur fugit atque.', 1, '2018-03-25 15:44:13', '2018-03-25 15:44:13'),
(22, 9, 'Elta Baumbach', 'Vitae dolore nisi reiciendis voluptas enim velit nam consequatur. Ducimus cum id fugiat fuga ab. Error quis odio quia deleniti eaque ut fugiat qui.', 4, '2018-03-25 15:44:13', '2018-03-25 15:44:13'),
(23, 84, 'Katherine Frami II', 'Ex tenetur sunt aut nihil iure quo. Id nihil quaerat fuga est quod expedita aut. Beatae hic quo rerum sunt id ut qui.', 0, '2018-03-25 15:44:13', '2018-03-25 15:44:13'),
(24, 60, 'Elliott Lesch II', 'Est enim eveniet voluptas possimus provident quisquam ullam. Accusantium quos sed error quia laborum non. Est dolorum nemo impedit at ratione.', 5, '2018-03-25 15:44:13', '2018-03-25 15:44:13'),
(25, 79, 'Gussie Lesch', 'Tempora repudiandae animi consequatur laudantium natus. Libero distinctio eius asperiores quod. Facere aut impedit autem voluptatum accusamus modi. Cupiditate quis id voluptas odio nostrum sint.', 3, '2018-03-25 15:44:13', '2018-03-25 15:44:13'),
(26, 106, 'Dr. Harley Lemke Sr.', 'Laborum illum ab voluptatem voluptas. Rem itaque mollitia molestiae quod. Doloribus occaecati optio fugit odit quia veniam error.', 1, '2018-03-25 15:44:13', '2018-03-25 15:44:13'),
(27, 62, 'Dr. Harley Cremin MD', 'Corrupti deserunt odit ut omnis sed sit. Voluptatem vel consequatur voluptatem repudiandae. Accusamus quibusdam vero enim voluptas aspernatur iste. Voluptas dolor aliquid eos culpa et eum. Illum nulla quaerat deleniti possimus ipsam.', 3, '2018-03-25 15:44:13', '2018-03-25 15:44:13'),
(28, 85, 'Jordon Kemmer DVM', 'Libero voluptatem rem et deleniti voluptatem corrupti. Aliquid veniam ut quo cumque. Cum minus aperiam similique qui fugiat exercitationem magni. Aut sit inventore enim est consequatur.', 1, '2018-03-25 15:44:13', '2018-03-25 15:44:13'),
(29, 122, 'Mr. Roderick Braun III', 'Incidunt itaque sit numquam deleniti sit. Iste et numquam similique. Voluptatibus sint error animi. Debitis autem aut eaque dolorem hic.', 4, '2018-03-25 15:44:13', '2018-03-25 15:44:13'),
(30, 20, 'Dr. Lorenzo Hyatt II', 'Sapiente laudantium dolores alias corrupti vero. Quasi architecto quo quidem asperiores cum. Odio eaque omnis aut et ex eum. Ut et ipsa provident debitis laboriosam vel repudiandae impedit.', 4, '2018-03-25 15:44:13', '2018-03-25 15:44:13'),
(31, 40, 'Lauren Stoltenberg PhD', 'Iure nulla cum totam voluptatem. Qui eveniet voluptas consequatur. Consequatur excepturi modi voluptas. Laborum ipsum sint et id.', 5, '2018-03-25 15:44:13', '2018-03-25 15:44:13'),
(32, 18, 'Dorris Klocko', 'Ut harum sequi quo veritatis iusto. Quis nobis consequatur nihil inventore. Veniam libero recusandae illo quam. Enim amet dolores doloremque deleniti. In optio vel sint itaque.', 2, '2018-03-25 15:44:13', '2018-03-25 15:44:13'),
(33, 61, 'Dr. Willy O\'Hara DDS', 'Eveniet voluptatem qui aut ut praesentium rerum perspiciatis. Sit sint nihil eos non illo. Quam enim libero eius non qui asperiores velit. Placeat totam et sapiente id eaque totam. Non fugiat accusantium ab omnis.', 1, '2018-03-25 15:44:13', '2018-03-25 15:44:13'),
(34, 72, 'Sheila Anderson', 'Fugit qui dolorum doloremque provident. Ut impedit sint eum ut ullam odit et. Quidem rem non et optio deserunt aut est. Sunt maxime porro est placeat dolor.', 2, '2018-03-25 15:44:13', '2018-03-25 15:44:13'),
(35, 21, 'Alexis Hermann', 'Excepturi eos perferendis ab cum ullam. Aut dolorem sint officia magni libero blanditiis. Harum non deleniti ut dignissimos ut reiciendis natus rerum. Ut itaque consequuntur excepturi recusandae qui minima et.', 0, '2018-03-25 15:44:13', '2018-03-25 15:44:13'),
(36, 73, 'Javonte Hackett IV', 'Incidunt quos suscipit vel suscipit. Distinctio ut dolorem mollitia. Deserunt nesciunt ut ut quas molestiae occaecati. Repellendus ut nisi ullam quia quidem officiis.', 3, '2018-03-25 15:44:13', '2018-03-25 15:44:13'),
(37, 62, 'Cristian Abshire', 'Perferendis minus voluptas quo quos. Porro voluptas architecto corrupti necessitatibus voluptatem quia. Beatae eos qui illum aut. Voluptatum hic inventore ratione sed culpa eum.', 2, '2018-03-25 15:44:13', '2018-03-25 15:44:13'),
(38, 112, 'Rashawn Wehner', 'Voluptatem occaecati vitae cumque maiores et asperiores voluptas sed. Quaerat quidem et et facere et illo quia.', 0, '2018-03-25 15:44:14', '2018-03-25 15:44:14'),
(39, 6, 'Durward Schoen', 'Ab ea magni ut quia aut. Earum adipisci et eum nesciunt quia. Cupiditate officia et accusamus cupiditate.', 0, '2018-03-25 15:44:14', '2018-03-25 15:44:14'),
(40, 72, 'Caleb Schuster', 'Rerum vel quis in voluptatem facilis. Necessitatibus omnis nam perferendis omnis. Voluptates occaecati vitae modi. Maiores in est omnis consequatur. Beatae et molestias voluptas consequatur omnis.', 0, '2018-03-25 15:44:14', '2018-03-25 15:44:14'),
(41, 139, 'Dr. Destany Franecki', 'Et omnis nam repellendus repudiandae eos est impedit. Eum enim aut minima illo temporibus rerum saepe. Ut odit est at numquam ex earum. Pariatur vitae fugit quidem perferendis consequuntur placeat aliquam.', 3, '2018-03-25 15:44:14', '2018-03-25 15:44:14'),
(42, 102, 'Destiny Murazik', 'Id dicta perspiciatis laborum et. At dolor maxime doloribus quos repudiandae. Possimus eos veritatis fuga. Autem dolorem saepe velit ullam.', 4, '2018-03-25 15:44:14', '2018-03-25 15:44:14'),
(43, 22, 'Prof. Rhoda Schinner', 'Ipsa aspernatur pariatur perferendis quos optio. Dignissimos molestias ratione nobis dolores. Quis perferendis maiores dolorem minima dicta architecto.', 5, '2018-03-25 15:44:14', '2018-03-25 15:44:14'),
(44, 140, 'Mrs. Taryn Hoeger', 'Deserunt officiis doloribus cumque aut tempore odit. At in tempora amet esse. Provident nobis deleniti pariatur aliquam dolores tempore et. Molestiae veniam sint porro.', 0, '2018-03-25 15:44:14', '2018-03-25 15:44:14'),
(45, 107, 'Boris Harber', 'Dolorem nisi perspiciatis ex ad consequatur. Repudiandae ut dolorum harum ut. Consequatur qui dicta maxime suscipit dolor maxime. Voluptatem eos illo fugit vitae quis.', 4, '2018-03-25 15:44:14', '2018-03-25 15:44:14'),
(46, 51, 'Jada Wuckert', 'Possimus voluptatum non vel. Voluptatem id quia quisquam nobis ad consequatur reprehenderit sapiente. Occaecati praesentium nesciunt asperiores a maiores.', 2, '2018-03-25 15:44:14', '2018-03-25 15:44:14'),
(47, 108, 'Sarah Rutherford', 'Dolores quasi nihil mollitia voluptas facilis. Architecto ea ipsum ullam. Cumque eius suscipit aut tempore sed temporibus sint.', 3, '2018-03-25 15:44:14', '2018-03-25 15:44:14'),
(48, 94, 'Oma Pollich', 'Amet nulla saepe aut quia qui impedit. Accusantium praesentium quis dolor rerum harum rem. Et non nam ipsum nesciunt.', 0, '2018-03-25 15:44:14', '2018-03-25 15:44:14'),
(49, 95, 'Ronaldo Rau PhD', 'Labore repudiandae iure maxime dolor voluptatem quia. Quis et asperiores velit facere neque unde qui. Temporibus ut iusto similique dolore asperiores iste. Quae perferendis qui quo alias. Nobis corporis ut qui voluptatem eius.', 2, '2018-03-25 15:44:14', '2018-03-25 15:44:14'),
(50, 40, 'Deven Kozey', 'Harum eos placeat laborum repudiandae debitis voluptatem. Voluptatem consectetur dolore omnis amet accusantium repellendus. Enim at dicta nihil quasi quam. Non quae aut amet. Deserunt cum eos eveniet nam ipsam repudiandae ab est.', 5, '2018-03-25 15:44:14', '2018-03-25 15:44:14'),
(51, 126, 'Dr. Timothy Ruecker', 'Quos ut cupiditate porro natus eum quidem repellat. Blanditiis nam eius itaque quis atque. Illo vitae molestias et inventore aut. Nostrum enim non exercitationem.', 4, '2018-03-25 15:44:14', '2018-03-25 15:44:14'),
(52, 53, 'Melody Rolfson', 'Voluptas quod voluptatem ipsam est a. Tempore repellat vero reiciendis praesentium officiis. Culpa magni natus veniam. Nihil et enim velit rerum dicta.', 5, '2018-03-25 15:44:14', '2018-03-25 15:44:14'),
(53, 24, 'Easter Waters', 'Voluptas consequatur et culpa eaque error. Distinctio id est maxime quis voluptatem. Et dolorum est explicabo sed commodi.', 3, '2018-03-25 15:44:14', '2018-03-25 15:44:14'),
(54, 35, 'Prof. Rebeca Barrows Jr.', 'Magnam non autem vel velit maxime enim rem. Ex voluptates mollitia rerum sit. Voluptatibus asperiores nihil molestiae assumenda molestiae autem est.', 1, '2018-03-25 15:44:14', '2018-03-25 15:44:14'),
(55, 18, 'Conrad Ferry', 'Eos similique voluptate aliquam et eos. Excepturi ut sit qui iusto est. Beatae officia asperiores veniam a. Iusto incidunt perspiciatis voluptatum.', 2, '2018-03-25 15:44:14', '2018-03-25 15:44:14'),
(56, 89, 'Prof. Yvette Rice III', 'Aperiam repellat incidunt sed eius ipsam fugit perspiciatis. Aut eligendi nemo saepe dolorum veritatis laudantium placeat. Dicta eveniet et consequatur odit.', 5, '2018-03-25 15:44:14', '2018-03-25 15:44:14'),
(57, 95, 'Irving Haag', 'Nihil itaque est dicta dolor qui rem voluptatem. Molestiae inventore hic eveniet rerum amet commodi dolores. Nemo consequatur deserunt sequi consectetur beatae praesentium.', 4, '2018-03-25 15:44:14', '2018-03-25 15:44:14'),
(58, 113, 'Hector Dare DDS', 'Atque non velit est earum dolorem. In fugit cumque quia nesciunt cum fugit totam. Optio doloribus alias aliquam a consequatur quia sequi incidunt. Ullam corrupti aut laboriosam eveniet eaque.', 0, '2018-03-25 15:44:14', '2018-03-25 15:44:14'),
(59, 4, 'Jaren Kovacek', 'Ut consequatur enim sed ut aut itaque et. Occaecati natus ipsam iusto nihil dolores eos. Et pariatur autem praesentium perspiciatis saepe ex. Dignissimos vero ut consequatur modi reprehenderit tempore.', 3, '2018-03-25 15:44:14', '2018-03-25 15:44:14'),
(60, 92, 'Dr. Clara Osinski', 'Similique deleniti nulla dolor ab ad repellendus cumque. Cum facilis quod qui consequatur autem. Dolor qui aut deserunt reiciendis animi iste et.', 3, '2018-03-25 15:44:14', '2018-03-25 15:44:14'),
(61, 31, 'Mr. Geoffrey Medhurst', 'Dolorum et numquam quis et sint dicta. Sit facere labore dolores molestiae. Temporibus quis blanditiis perferendis qui quos. Et qui molestiae nihil fuga. Quod rerum voluptatem harum quis.', 2, '2018-03-25 15:44:14', '2018-03-25 15:44:14'),
(62, 112, 'Ms. Marina Lang', 'Eaque quia quaerat sint eos ex omnis. Sed quidem nisi corporis est consequatur non. Necessitatibus quia eveniet et aut nisi. Aspernatur earum odio et nulla aliquid est soluta.', 1, '2018-03-25 15:44:14', '2018-03-25 15:44:14'),
(63, 58, 'Dr. Rae Greenfelder', 'Molestiae autem asperiores qui quia. Ipsa molestiae sit soluta eius beatae corrupti. Aut et rerum itaque tempora.', 5, '2018-03-25 15:44:14', '2018-03-25 15:44:14'),
(64, 79, 'Waldo Stiedemann', 'Est omnis enim officiis voluptatem soluta omnis. Impedit odio adipisci et sint.', 2, '2018-03-25 15:44:14', '2018-03-25 15:44:14'),
(65, 124, 'Brando Morissette', 'Quis nemo debitis est porro. Repudiandae ut aliquid qui veniam dicta facilis. Est expedita omnis quod repellendus.', 0, '2018-03-25 15:44:14', '2018-03-25 15:44:14'),
(66, 133, 'Zackery Cruickshank', 'Quasi velit blanditiis aliquam corporis. Corporis earum omnis expedita fuga. Velit nemo cum rerum laboriosam rerum omnis similique maxime. Numquam architecto molestiae occaecati quod.', 0, '2018-03-25 15:44:14', '2018-03-25 15:44:14'),
(67, 131, 'Mrs. Orie Davis', 'Aut facilis est fugiat non qui inventore. Hic rem fuga iure aut ut.', 2, '2018-03-25 15:44:14', '2018-03-25 15:44:14'),
(68, 14, 'Francisca Connelly', 'Earum recusandae assumenda eaque. Ratione voluptate numquam autem id. Autem id eaque qui sed non. Impedit earum est nobis repudiandae quis aut doloremque.', 0, '2018-03-25 15:44:14', '2018-03-25 15:44:14'),
(69, 112, 'Marisol Bode', 'Vel aliquid molestias ad quaerat hic. Aut est sit perspiciatis consequuntur. Unde odit nulla ut consequatur corporis doloremque aut. Facere laboriosam ducimus laborum distinctio impedit illum voluptatem nihil. Maiores totam asperiores dolor.', 5, '2018-03-25 15:44:14', '2018-03-25 15:44:14'),
(70, 66, 'Susana Aufderhar', 'Aperiam rerum consequatur voluptates. Atque inventore quas molestiae. Laborum rem labore culpa ipsum vel qui placeat molestias. Odio officia possimus enim.', 1, '2018-03-25 15:44:14', '2018-03-25 15:44:14'),
(71, 51, 'Miss Maribel Olson', 'Cum laudantium optio omnis debitis. Voluptate voluptatem vitae eaque magnam aut. Impedit qui numquam quia fugiat molestias consequatur ratione. Iure adipisci perferendis voluptatibus accusamus.', 2, '2018-03-25 15:44:14', '2018-03-25 15:44:14'),
(72, 91, 'Dalton Zulauf DDS', 'Eius aliquam ipsum recusandae cupiditate est vitae. Corrupti assumenda itaque et rem quisquam maxime reprehenderit. Et tempore consectetur quo sed.', 0, '2018-03-25 15:44:14', '2018-03-25 15:44:14'),
(73, 90, 'Lucile Stiedemann V', 'Repudiandae sequi nemo neque architecto veniam sit. Asperiores sed inventore provident. Sunt sed quia commodi et sit.', 1, '2018-03-25 15:44:14', '2018-03-25 15:44:14'),
(74, 105, 'Prof. Flossie Erdman Sr.', 'Qui sapiente totam vero et repellat. Facilis vel non voluptas unde ut et. Non voluptas quia consequatur officia velit ex.', 0, '2018-03-25 15:44:14', '2018-03-25 15:44:14'),
(75, 144, 'Deonte Bogan', 'Neque corporis in qui quis dolorum qui ab. Et nihil dolorem dolores animi alias aperiam quidem sit. Dolores corporis amet consequatur nesciunt consequatur et.', 0, '2018-03-25 15:44:15', '2018-03-25 15:44:15'),
(76, 100, 'Jayce Lubowitz', 'Aut dignissimos commodi ea qui rem quia. Porro ipsum natus at iusto amet. Voluptas ipsam tenetur vitae sit. Id molestiae quis ullam dignissimos eligendi aut at.', 1, '2018-03-25 15:44:15', '2018-03-25 15:44:15'),
(77, 15, 'Dr. Brannon Fay V', 'Vitae neque reiciendis porro dignissimos dolores id blanditiis maiores. Rerum aliquam magnam dolorem ipsam. Recusandae est consequatur autem voluptatem qui.', 2, '2018-03-25 15:44:15', '2018-03-25 15:44:15'),
(78, 13, 'Jaylen Effertz', 'Sunt vel modi voluptatem. Nostrum debitis dolorum explicabo ullam sequi ut et. Qui ullam rerum aut repellendus. Reprehenderit eius blanditiis eveniet optio.', 2, '2018-03-25 15:44:15', '2018-03-25 15:44:15'),
(79, 7, 'Jaiden Hoeger', 'Recusandae non amet aut error hic enim consequatur. Quia repellendus et architecto tempore. A adipisci aut ullam enim. Adipisci incidunt amet et inventore repellendus. Laborum qui velit est incidunt.', 1, '2018-03-25 15:44:15', '2018-03-25 15:44:15'),
(80, 120, 'Dr. Nya Rogahn', 'Earum cupiditate provident fuga vel tempora. Cupiditate magni a aspernatur laudantium optio ut. Voluptatem molestiae nihil ut nostrum aliquam quasi. Facilis quisquam et non repellat dolore repudiandae.', 1, '2018-03-25 15:44:15', '2018-03-25 15:44:15'),
(81, 118, 'Oren Stoltenberg', 'Est qui vel suscipit et. Libero facilis consequuntur nesciunt quia eos omnis voluptatem. Odit ullam nam eaque quod.', 2, '2018-03-25 15:44:15', '2018-03-25 15:44:15'),
(82, 125, 'Mr. Brant Jones', 'Minus et sunt voluptatibus. Voluptas nobis officiis maxime ducimus consequatur soluta. Nobis quis non ad dolore id eum ab. Quis qui quaerat voluptas et facere ut est.', 5, '2018-03-25 15:44:15', '2018-03-25 15:44:15'),
(83, 113, 'Emmy Wehner MD', 'Libero non repellat inventore repellendus soluta quas et. Voluptas architecto eum accusamus incidunt consectetur sint asperiores id. Dolorem dolor laudantium ullam et quae et.', 3, '2018-03-25 15:44:15', '2018-03-25 15:44:15'),
(84, 143, 'Dr. Jan Armstrong', 'Enim quia et sunt ducimus. Dolores est eos sed totam. Commodi amet aut voluptas quo praesentium culpa.', 4, '2018-03-25 15:44:15', '2018-03-25 15:44:15'),
(85, 54, 'Dessie Veum', 'Laborum odit illo qui aut sequi similique ut. Non velit quia et. Sit laborum distinctio optio esse. Et voluptatem quia et velit veritatis est modi.', 3, '2018-03-25 15:44:15', '2018-03-25 15:44:15'),
(86, 93, 'Mr. Alexandro Rohan', 'Dolore velit consectetur maxime doloremque reiciendis omnis veritatis soluta. Repellat optio voluptas cupiditate expedita facilis ea. Illo voluptas et quibusdam doloremque et. Et odio quo velit ea sint accusantium.', 1, '2018-03-25 15:44:15', '2018-03-25 15:44:15'),
(87, 101, 'Dr. Chanelle Rice DVM', 'Nisi repellendus consequuntur quas ipsum voluptates. Ipsa deleniti accusantium sunt nesciunt consequatur consectetur. Eligendi iure placeat omnis voluptas dolor. Sit vel et sint exercitationem velit eos.', 4, '2018-03-25 15:44:15', '2018-03-25 15:44:15'),
(88, 110, 'Ava Kemmer', 'Rerum ipsum optio optio aut. Neque nihil fugiat ut molestias et quis placeat suscipit. Nihil nam consequatur vero placeat ex aut.', 4, '2018-03-25 15:44:15', '2018-03-25 15:44:15'),
(89, 7, 'Alyce Parisian', 'Sed accusantium corrupti et quae assumenda labore. Ullam at nihil eligendi. Velit voluptates debitis porro similique fugit velit inventore. Tempore et minus mollitia quibusdam.', 2, '2018-03-25 15:44:15', '2018-03-25 15:44:15'),
(90, 138, 'Prof. Velma Bosco DDS', 'Earum eveniet quia officia suscipit id. Quae distinctio eos similique numquam. Quia dolore et quia provident porro. Aut doloribus sint velit ea.', 4, '2018-03-25 15:44:15', '2018-03-25 15:44:15'),
(91, 105, 'Mrs. Danielle Bernhard', 'Qui distinctio cum nesciunt sed non. Est quas ut aliquid ratione porro. Deserunt voluptatem enim temporibus.', 5, '2018-03-25 15:44:15', '2018-03-25 15:44:15'),
(92, 53, 'Conor Ryan', 'Aspernatur ab deleniti quo necessitatibus eum ut numquam. Labore doloribus corrupti iste non quam.', 5, '2018-03-25 15:44:15', '2018-03-25 15:44:15'),
(93, 127, 'Mrs. Everette Kub Sr.', 'Ipsam quod sed ad qui ipsam saepe. Veritatis corrupti aut veritatis reiciendis. Nihil repellendus facilis dicta libero. Harum aut ipsa omnis accusamus animi iure.', 1, '2018-03-25 15:44:15', '2018-03-25 15:44:15'),
(94, 91, 'Jody Borer', 'Optio placeat dicta possimus non officiis. Repudiandae eius minus non non quo. Veritatis cumque doloremque dicta perferendis in odio.', 1, '2018-03-25 15:44:15', '2018-03-25 15:44:15'),
(95, 34, 'Lorenza Bartell', 'Aut numquam occaecati delectus fuga qui. Aut nihil tenetur est at repellat est consequatur ut. Voluptatum nemo unde aliquid voluptas.', 1, '2018-03-25 15:44:15', '2018-03-25 15:44:15'),
(96, 8, 'Juanita Reilly', 'Odio aut labore est occaecati eaque eum. Optio soluta unde quisquam amet dolores nobis omnis. Quae commodi quidem et optio id iure. Eaque corrupti deleniti doloremque facilis laudantium eum ut.', 4, '2018-03-25 15:44:15', '2018-03-25 15:44:15'),
(97, 6, 'Zoe Krajcik', 'Ducimus quia qui iste ipsum pariatur ut. Est in dolorem neque vel qui amet quasi nam. Quia sit facere corporis voluptatem occaecati ullam nobis. Dolores ipsa consequatur soluta aut aut voluptatem.', 4, '2018-03-25 15:44:15', '2018-03-25 15:44:15'),
(98, 84, 'Lillie Trantow', 'Ipsa ullam aut itaque. Aut adipisci sit itaque illo recusandae. In non facere voluptate aut accusamus dolore sapiente impedit. Sunt in quo unde repellat culpa.', 3, '2018-03-25 15:44:15', '2018-03-25 15:44:15'),
(99, 34, 'Mrs. Vicky Thiel Sr.', 'Molestiae et vitae sit omnis ipsam unde ipsam. Animi illo molestiae sed accusamus sit consequatur nisi sint. Dolorem neque officia voluptatem laudantium commodi labore voluptates atque. Iusto nobis rerum deleniti.', 0, '2018-03-25 15:44:15', '2018-03-25 15:44:15'),
(100, 84, 'Lucienne O\'Hara', 'Non quasi delectus magnam nisi non. Assumenda odit voluptatibus quasi aut et. Molestiae laboriosam ut dolorem aspernatur.', 3, '2018-03-25 15:44:15', '2018-03-25 15:44:15'),
(101, 90, 'Sabryna Grant', 'Eius vitae consectetur fugit optio ab est quos optio. Ut et voluptatibus ut molestiae et. Excepturi laboriosam nihil officiis.', 4, '2018-03-25 15:44:15', '2018-03-25 15:44:15'),
(102, 67, 'Miss Maci Kerluke', 'Eum dignissimos et quis dicta. Hic quod provident inventore voluptatem qui ut. Aut sit molestias modi quo vitae perspiciatis sed. Nihil ea nihil harum consectetur ipsum eos ea.', 4, '2018-03-25 15:44:15', '2018-03-25 15:44:15'),
(103, 82, 'Sarah Altenwerth PhD', 'Id et fugit quia esse est similique. Repudiandae a debitis qui similique illum sed. Maxime velit sunt odio quis. Quaerat tenetur qui minima odio nobis. Rem rerum sit incidunt.', 0, '2018-03-25 15:44:15', '2018-03-25 15:44:15'),
(104, 94, 'Clyde Little', 'Porro sunt quod consequatur sed eum. Ducimus consequatur vel dolore sed itaque odit quaerat. Ut veritatis ea quia est et vero. Aut ex velit maiores aut nulla.', 0, '2018-03-25 15:44:15', '2018-03-25 15:44:15'),
(105, 112, 'Amira Morissette', 'Ea deserunt molestiae dolorum error. In libero odit deserunt voluptatibus et amet. Aut qui earum vel.', 2, '2018-03-25 15:44:15', '2018-03-25 15:44:15'),
(106, 22, 'Dr. Enrico Ullrich PhD', 'Rerum quo beatae aut ut et. Excepturi excepturi quis nam et similique blanditiis. Est reprehenderit et autem amet alias voluptatem velit.', 1, '2018-03-25 15:44:15', '2018-03-25 15:44:15'),
(107, 142, 'Susanna Nitzsche', 'Aut placeat ut velit dolorum rerum laudantium. Incidunt dolorum temporibus impedit est iste doloribus unde. Magnam neque non exercitationem.', 4, '2018-03-25 15:44:15', '2018-03-25 15:44:15'),
(108, 141, 'Marcelino Connelly', 'Nam ipsa reiciendis in ipsum totam dolores consequatur. Blanditiis ratione optio natus aut ex. Voluptate doloremque praesentium velit ex magni. Modi corrupti reprehenderit molestiae ullam eligendi debitis consequuntur.', 0, '2018-03-25 15:44:15', '2018-03-25 15:44:15'),
(109, 47, 'Harry Schoen', 'Impedit autem voluptas harum unde est enim sint. Voluptatem ipsam alias dicta. Voluptatem ut harum dolor quia eum. Nam laudantium aut dolor qui numquam rerum eius et.', 0, '2018-03-25 15:44:15', '2018-03-25 15:44:15'),
(110, 119, 'Prof. Rossie Grant', 'Sed non praesentium dolor aut voluptatem blanditiis. Et maxime odio dolor consectetur.', 1, '2018-03-25 15:44:16', '2018-03-25 15:44:16'),
(111, 132, 'Mrs. Sandy Gutkowski', 'Eaque in quia et nulla est ut cupiditate. Eveniet enim consequatur ut dolorem odio corporis. Vel voluptatem ut corporis quo.', 5, '2018-03-25 15:44:16', '2018-03-25 15:44:16'),
(112, 143, 'Braeden Gleason', 'Optio quam illo sit dolor ipsa necessitatibus. Assumenda ut asperiores tenetur hic. Iusto occaecati accusamus eum.', 1, '2018-03-25 15:44:16', '2018-03-25 15:44:16'),
(113, 24, 'Concepcion Schowalter', 'Quis autem maxime quia porro reprehenderit accusantium. Rerum nobis nam velit iste. Eos qui quia vel qui consequatur a ipsam. Inventore qui autem similique voluptatibus.', 5, '2018-03-25 15:44:16', '2018-03-25 15:44:16'),
(114, 53, 'Gustave Sporer', 'Qui at facilis odit eos. Qui accusantium unde tenetur cupiditate. Illum ipsum alias nesciunt ut aut commodi deleniti exercitationem.', 4, '2018-03-25 15:44:16', '2018-03-25 15:44:16'),
(115, 32, 'Dr. Cristina Pouros IV', 'Suscipit enim soluta est. Sit dignissimos et iure rerum unde.', 4, '2018-03-25 15:44:16', '2018-03-25 15:44:16'),
(116, 146, 'Mr. Okey Lehner', 'Suscipit accusantium et saepe ea. Voluptas et et dolores illo corrupti iure rerum sapiente.', 3, '2018-03-25 15:44:16', '2018-03-25 15:44:16'),
(117, 45, 'Sunny Friesen Sr.', 'Eveniet tempora laboriosam aliquam doloribus. Id ut qui ea enim autem. Qui modi recusandae consequatur. Dolor eum nobis esse aspernatur.', 0, '2018-03-25 15:44:16', '2018-03-25 15:44:16'),
(118, 107, 'Mr. Joshuah Rowe', 'Nihil est eveniet qui ad asperiores accusamus nostrum. Debitis officiis veniam quia odio quo at. Enim vitae magnam consequatur.', 4, '2018-03-25 15:44:16', '2018-03-25 15:44:16'),
(119, 83, 'Ila Schulist', 'Veritatis aut minima modi ad possimus ex. Enim ut quis dignissimos in sapiente. Reiciendis eos unde impedit.', 1, '2018-03-25 15:44:16', '2018-03-25 15:44:16'),
(120, 124, 'Mrs. Francesca Cremin', 'Rem voluptatem reprehenderit labore sint id voluptas quia porro. Rerum officiis ratione odit id dicta tempora fugit consectetur. Veniam et eius eos odit qui corrupti recusandae. Eligendi pariatur reiciendis omnis aut quia.', 4, '2018-03-25 15:44:16', '2018-03-25 15:44:16'),
(121, 106, 'Domenic Berge', 'Alias et est ea dignissimos vel voluptatibus dolorum. Ratione consequuntur at dolor et voluptas quis voluptatibus mollitia. Nemo quae officia tempore omnis ad possimus.', 4, '2018-03-25 15:44:16', '2018-03-25 15:44:16'),
(122, 86, 'Daniela Hagenes', 'Aut consequuntur maiores adipisci reiciendis laboriosam. Quia commodi vitae commodi sunt maxime occaecati dolorum. Voluptates et aut dolor cupiditate. Hic voluptatem molestias nobis est eveniet consectetur. Sunt autem at quis autem praesentium placeat odit placeat.', 0, '2018-03-25 15:44:16', '2018-03-25 15:44:16'),
(123, 52, 'Alda Wintheiser', 'Eos eaque sequi omnis dolorum repellat harum quo. Voluptatum repellendus in ut ratione. Et modi cupiditate fugit repellat. Aperiam fugit consequatur necessitatibus minus.', 2, '2018-03-25 15:44:16', '2018-03-25 15:44:16'),
(124, 143, 'Kenyatta Towne', 'Numquam et et voluptas nihil id. Minus neque dolor fuga quisquam neque occaecati vel. Maiores magni aliquam tenetur qui rerum molestiae ea.', 2, '2018-03-25 15:44:16', '2018-03-25 15:44:16'),
(125, 14, 'Destiny Kreiger', 'Quia nisi fugit officiis ullam quo molestiae aut. Qui occaecati eaque et ea aspernatur pariatur ipsam sed. Dolor rerum unde adipisci dolore molestiae quisquam. Ipsa ad officiis sint aut.', 3, '2018-03-25 15:44:16', '2018-03-25 15:44:16'),
(126, 81, 'Eusebio Terry', 'Consequatur praesentium quam corrupti vel. Est eius sunt enim pariatur quae nihil.', 2, '2018-03-25 15:44:16', '2018-03-25 15:44:16'),
(127, 40, 'Mavis Greenholt', 'Aliquam distinctio ab officiis consequatur ea quaerat. Quia ut autem veritatis voluptatibus. Non unde quo consequuntur expedita vitae est fuga. Vel nesciunt et vero aut qui qui.', 4, '2018-03-25 15:44:16', '2018-03-25 15:44:16'),
(128, 46, 'Ms. Charlotte Swaniawski Jr.', 'Qui voluptate nulla vel eos quos sint corrupti. Facere voluptatem asperiores dignissimos praesentium ex et voluptas blanditiis. Nihil ab est id voluptate dolor.', 4, '2018-03-25 15:44:16', '2018-03-25 15:44:16'),
(129, 35, 'Dr. Nels Wisozk', 'Corrupti eos sunt in eum sint nihil. Iusto sit harum qui labore natus quae sequi. Distinctio nihil cupiditate animi suscipit deleniti laboriosam ut. Voluptas atque earum dolore recusandae perspiciatis.', 0, '2018-03-25 15:44:16', '2018-03-25 15:44:16'),
(130, 17, 'Deja Parker', 'Illo ab modi excepturi vel ut aut. Aliquid exercitationem reiciendis molestiae recusandae soluta tenetur reprehenderit. Aut voluptatum et incidunt id laboriosam. Eum occaecati nam labore.', 0, '2018-03-25 15:44:16', '2018-03-25 15:44:16'),
(131, 119, 'Jayda Dickens', 'Illum suscipit vitae culpa. Voluptates explicabo facere eos vel vitae odio impedit. Accusamus cupiditate voluptas aut eos suscipit est corporis rerum. Recusandae dolores error impedit adipisci et.', 0, '2018-03-25 15:44:16', '2018-03-25 15:44:16'),
(132, 127, 'Miss Dena Champlin', 'Tenetur eum possimus accusantium architecto autem ut rerum. Enim cum ut error ullam temporibus placeat. Asperiores accusantium quis architecto aliquid sint.', 0, '2018-03-25 15:44:16', '2018-03-25 15:44:16'),
(133, 37, 'Prof. Roberto Boehm', 'Exercitationem quam perferendis reprehenderit et. Dolorum cupiditate corrupti qui consequuntur. Nostrum assumenda similique et est tempore.', 1, '2018-03-25 15:44:16', '2018-03-25 15:44:16'),
(134, 143, 'Hal Fay', 'Fuga labore unde vero voluptatem alias sunt. Aliquam voluptatem ratione et expedita quis recusandae. Facilis qui culpa minima facere aliquam.', 3, '2018-03-25 15:44:16', '2018-03-25 15:44:16'),
(135, 32, 'Aniya Thiel III', 'Quis vero exercitationem beatae dolorum vitae aut. Quia vitae minus dolor aut. Aut facere nostrum dolores quidem eos. Magni dolorem recusandae ex. Explicabo veritatis facilis incidunt dolorem odit.', 0, '2018-03-25 15:44:16', '2018-03-25 15:44:16'),
(136, 132, 'Madyson Gottlieb IV', 'Facilis quisquam quibusdam est dolore non. Omnis vel rerum sit et. Consectetur voluptatem doloribus dolore et nulla.', 0, '2018-03-25 15:44:16', '2018-03-25 15:44:16'),
(137, 148, 'Dr. Stacey Hane', 'Non neque repellendus vel nostrum rerum. Sint a voluptate accusamus id illum. Velit sint ut sapiente. Nobis vel consequatur dolorem dolorem et.', 5, '2018-03-25 15:44:16', '2018-03-25 15:44:16'),
(138, 33, 'Lucas Wisoky', 'Quisquam exercitationem sed error eos amet qui. Nostrum sequi similique dolores qui. Eum error fugit quo ipsam eum nulla. Quia aliquid a explicabo quo libero.', 5, '2018-03-25 15:44:16', '2018-03-25 15:44:16'),
(139, 87, 'Kamryn Schneider V', 'Quia ea quia qui ad consectetur harum. Aut mollitia rerum dolorem facilis. Est sint aut expedita et ducimus. Consectetur neque repellat dolor sit qui.', 1, '2018-03-25 15:44:16', '2018-03-25 15:44:16'),
(140, 121, 'Eliezer Kessler', 'Magnam eaque quaerat aut ut. Asperiores accusantium mollitia corporis corporis.', 1, '2018-03-25 15:44:16', '2018-03-25 15:44:16'),
(141, 130, 'Dr. Carroll Metz', 'Fuga autem error nisi et provident omnis. Sed optio voluptatibus recusandae aut id ut. Dolorem eum repudiandae corporis ut possimus quis sequi adipisci. Culpa officiis aliquid voluptatem nulla ut mollitia.', 5, '2018-03-25 15:44:16', '2018-03-25 15:44:16'),
(142, 58, 'Prof. Aiden Toy MD', 'Quam sit soluta blanditiis quod ut corrupti voluptates maiores. Aperiam id libero id eos necessitatibus esse saepe dolorem. Aspernatur voluptatem omnis ut eveniet ad.', 1, '2018-03-25 15:44:16', '2018-03-25 15:44:16'),
(143, 120, 'Simeon Kuphal', 'Voluptates et vel excepturi ipsum possimus. Fugit maxime voluptate ipsam quis. At eveniet ducimus consequatur eaque veritatis. Enim deleniti excepturi voluptas ad.', 3, '2018-03-25 15:44:16', '2018-03-25 15:44:16'),
(144, 57, 'Kory Beier', 'Non dicta accusamus magni mollitia. At odit voluptatem qui corporis. Ducimus voluptatem alias voluptatem eos. Est distinctio molestiae facilis.', 4, '2018-03-25 15:44:16', '2018-03-25 15:44:16'),
(145, 110, 'Prof. Hiram Franecki', 'Ut ipsam repellat mollitia deserunt itaque quae eveniet. Quis distinctio occaecati illo dignissimos eos ut doloribus. Harum similique libero dignissimos ducimus. Voluptate sit eum quam quia earum amet.', 5, '2018-03-25 15:44:16', '2018-03-25 15:44:16'),
(146, 73, 'Karlee Brekke', 'Eum rerum magnam quam et quidem labore aperiam. Qui eveniet eos qui. Consequatur architecto cupiditate nihil culpa ad labore. Ex autem veniam maiores perspiciatis facilis ipsa.', 5, '2018-03-25 15:44:16', '2018-03-25 15:44:16'),
(147, 79, 'Jerry Gislason', 'Explicabo laboriosam aut voluptas unde tenetur facere. Blanditiis molestiae ea sunt nobis molestiae laudantium. Laborum vel suscipit eum fugit laborum autem quas. Itaque similique minima perspiciatis modi voluptas odit.', 1, '2018-03-25 15:44:17', '2018-03-25 15:44:17'),
(148, 13, 'Eden Stoltenberg', 'At necessitatibus sit ipsa facere deleniti qui. Ut praesentium ut eveniet alias optio quos voluptas. Enim sint dolores adipisci non. Veritatis nesciunt suscipit aliquid cupiditate. Dolores sapiente et aut voluptatibus.', 3, '2018-03-25 15:44:17', '2018-03-25 15:44:17'),
(149, 106, 'Fiona Keeling', 'Alias velit et enim quisquam. Soluta quis voluptas labore quae placeat autem dignissimos. Hic quia eveniet vel distinctio cum.', 5, '2018-03-25 15:44:17', '2018-03-25 15:44:17'),
(150, 32, 'Jermey Kovacek', 'Nemo aliquid neque dolores rerum et voluptatem. Officia ullam est accusamus ex.', 2, '2018-03-25 15:44:17', '2018-03-25 15:44:17'),
(151, 116, 'Prof. Nannie Beier MD', 'Qui voluptatem nostrum recusandae nam blanditiis quasi. Nobis autem in culpa est et libero ea minus. Maiores in magni at qui ea. Sit quia magnam corporis odio ipsam nam exercitationem.', 3, '2018-03-25 15:44:17', '2018-03-25 15:44:17'),
(152, 70, 'Chloe Schaden Sr.', 'Repellendus vel eveniet placeat non rerum. Commodi quia sequi exercitationem nulla. Atque quo cupiditate non autem ipsam similique ut.', 0, '2018-03-25 15:44:17', '2018-03-25 15:44:17'),
(153, 110, 'Lori Swift', 'Vero officia aspernatur officia illum. Vitae molestiae eum eveniet nulla et. Qui magni omnis similique. Sed cum ipsa porro inventore maxime modi quia.', 1, '2018-03-25 15:44:17', '2018-03-25 15:44:17'),
(154, 98, 'Prof. Jada Ziemann PhD', 'Odit eius expedita blanditiis repellendus fugiat. Voluptatem et ratione recusandae accusantium similique architecto. Sit molestias tempora qui est deserunt nam.', 1, '2018-03-25 15:44:17', '2018-03-25 15:44:17'),
(155, 40, 'Louie Thompson', 'Quod error qui nobis beatae dolores commodi. Illo sit rerum veniam sit et atque. Facilis et quaerat sit id deleniti voluptatem sunt ut. Corrupti corporis fugiat eligendi quo natus voluptas voluptatem.', 3, '2018-03-25 15:44:17', '2018-03-25 15:44:17'),
(156, 141, 'Mrs. Anabelle Douglas', 'Magni eos distinctio itaque velit iste quo voluptatum. Eos repudiandae quas ea. Vero magnam harum illo magni exercitationem. Et non vitae quisquam delectus ullam.', 0, '2018-03-25 15:44:17', '2018-03-25 15:44:17'),
(157, 27, 'Austyn Predovic', 'Dolorem est sint sint dolor. Rerum explicabo dolor similique illo sint ea iste. Et commodi id eos a mollitia qui enim. Repudiandae molestiae ipsa laudantium voluptatem quia delectus.', 5, '2018-03-25 15:44:17', '2018-03-25 15:44:17'),
(158, 88, 'Maybelle Monahan', 'Sint cum beatae itaque sapiente. Culpa recusandae quam illo autem architecto est consequatur. Quia dignissimos quae ad est qui consequuntur ex modi. Dignissimos quisquam ipsum pariatur molestiae voluptas.', 5, '2018-03-25 15:44:17', '2018-03-25 15:44:17'),
(159, 43, 'Dr. Fiona Weissnat V', 'Iure quam eveniet pariatur eos. Dolores libero ad distinctio praesentium error. Ipsam molestiae minus tenetur sed tempore quas sit est. Ut architecto similique beatae veritatis vel dolores odio.', 2, '2018-03-25 15:44:17', '2018-03-25 15:44:17'),
(160, 63, 'Dr. Ora Lakin', 'Omnis distinctio at aliquid tenetur quia eum. Tempora quibusdam dignissimos sit et consequatur expedita. Exercitationem quaerat enim culpa nihil labore. Tenetur unde mollitia consequatur aliquid rerum. Ad recusandae quia pariatur magni cum.', 4, '2018-03-25 15:44:17', '2018-03-25 15:44:17'),
(161, 146, 'Mireille Will', 'Voluptas dolore delectus et facere earum. Eos culpa cupiditate veritatis est. Repellat voluptate dignissimos sed ducimus non aut. Consequuntur accusantium vero perferendis quibusdam soluta est.', 0, '2018-03-25 15:44:17', '2018-03-25 15:44:17'),
(162, 149, 'Prof. Hunter Jerde', 'In quos cupiditate non qui quam fugit. Deleniti qui nisi ea et optio dolor excepturi eius. Occaecati odit aut et eveniet illum ut enim.', 1, '2018-03-25 15:44:17', '2018-03-25 15:44:17'),
(163, 94, 'Jermaine Lebsack', 'Officiis sed modi velit odio delectus necessitatibus. Repudiandae ducimus et unde consequatur repudiandae minima. Praesentium nemo ut nemo ullam.', 0, '2018-03-25 15:44:17', '2018-03-25 15:44:17'),
(164, 98, 'Prof. Augusta McCullough I', 'Asperiores amet vel sed sit et. Repellendus delectus sit quis magnam quam. Voluptatem aut ex a nulla et maxime sed.', 2, '2018-03-25 15:44:17', '2018-03-25 15:44:17'),
(165, 56, 'Luis Stehr', 'Voluptatem qui labore enim quaerat sint. Quasi ratione quo reiciendis aut nobis aut enim. Ab eius velit sit accusantium quas quas.', 4, '2018-03-25 15:44:17', '2018-03-25 15:44:17'),
(166, 19, 'Zola Ziemann', 'Fuga libero quia et voluptatem iure veritatis. Distinctio dolores doloremque voluptate. Fugit repellendus consequuntur voluptas quis occaecati ducimus. Maxime cumque omnis corporis veniam rerum et id incidunt.', 5, '2018-03-25 15:44:17', '2018-03-25 15:44:17'),
(167, 148, 'Dr. Jay Treutel', 'Et error quisquam ipsam voluptatem. Itaque suscipit unde minus. Laboriosam voluptates labore dolorem similique rerum iure enim.', 2, '2018-03-25 15:44:17', '2018-03-25 15:44:17'),
(168, 143, 'Reymundo Terry Jr.', 'Incidunt qui dolores et nam. Natus provident deserunt et ipsam qui ducimus. Optio sapiente expedita expedita nam nulla sit. Totam quia laboriosam fugit dolore.', 2, '2018-03-25 15:44:17', '2018-03-25 15:44:17'),
(169, 142, 'Prof. Roderick Hand', 'Aut corporis voluptatum id ex amet est. Maxime nemo similique quasi qui iste et. In quo quidem quidem et. Sed et maiores et ab inventore saepe molestiae impedit.', 2, '2018-03-25 15:44:17', '2018-03-25 15:44:17'),
(170, 2, 'Dr. Treva Aufderhar', 'Facere deserunt enim dolor odit ipsa. Est qui natus molestiae et non repudiandae eos.', 5, '2018-03-25 15:44:17', '2018-03-25 15:44:17'),
(171, 94, 'Dr. Evelyn Mayert', 'Aperiam praesentium temporibus hic amet nemo est non. Ipsam sint eveniet ea aspernatur ut voluptatem quibusdam facilis. Tenetur sint facere sit qui. Pariatur sit nihil temporibus corrupti et ullam adipisci.', 1, '2018-03-25 15:44:17', '2018-03-25 15:44:17'),
(172, 140, 'Jayce Beahan', 'Ullam deserunt reiciendis deleniti repudiandae et voluptas aut omnis. Eum ut ex sit dicta modi id quo. Voluptatem dolores cum earum amet. Id qui mollitia possimus atque et.', 3, '2018-03-25 15:44:17', '2018-03-25 15:44:17'),
(173, 77, 'Dr. Payton Sipes V', 'Eos quisquam non reprehenderit quis soluta fugit. Quasi sequi ea architecto quae impedit iusto debitis nisi. Voluptatem porro sit laboriosam.', 4, '2018-03-25 15:44:17', '2018-03-25 15:44:17'),
(174, 11, 'Rubye Kuhic', 'Cumque voluptates ratione ducimus qui eos accusamus est. Magnam incidunt eum velit non sit consequatur. Voluptatem expedita vel possimus quia voluptatem. Molestiae et ad ut nam est.', 3, '2018-03-25 15:44:17', '2018-03-25 15:44:17'),
(175, 146, 'Lane Ledner', 'Et consequatur et dolorem incidunt veniam et itaque. Est dolorum inventore nihil adipisci.', 3, '2018-03-25 15:44:17', '2018-03-25 15:44:17'),
(176, 145, 'Chesley Kerluke III', 'Voluptatem dolorem architecto sapiente. Voluptatem maiores ab consequatur debitis reiciendis sunt. Eveniet sed odio et blanditiis voluptas.', 1, '2018-03-25 15:44:17', '2018-03-25 15:44:17'),
(177, 55, 'Dr. Mustafa Morar IV', 'Autem minima occaecati ut reprehenderit eveniet. Ut at error voluptatum quo vel cupiditate illum. Qui nisi labore non illo totam aliquid. Ab nihil quasi libero aperiam est.', 0, '2018-03-25 15:44:17', '2018-03-25 15:44:17'),
(178, 45, 'Boris Kessler II', 'Vero sunt atque ea quis. Temporibus quia quis consequatur maxime porro. Voluptatibus autem facilis ut dolores excepturi et quisquam iste.', 5, '2018-03-25 15:44:17', '2018-03-25 15:44:17'),
(179, 108, 'Abbey Kohler', 'Provident error sapiente consequatur eaque veniam ea dolorum. Quas eos quod ipsum optio. Magnam facilis qui nisi hic et consectetur non. Cupiditate maxime aut culpa mollitia recusandae.', 2, '2018-03-25 15:44:17', '2018-03-25 15:44:17'),
(180, 108, 'Emie Anderson', 'Aperiam porro quo et laboriosam. Voluptatem et sapiente ea vel maiores magni. Et omnis quo et nostrum.', 2, '2018-03-25 15:44:18', '2018-03-25 15:44:18'),
(181, 75, 'Mr. Maynard Zboncak IV', 'Natus natus reiciendis architecto iure voluptatem. Autem totam rerum sunt nulla. Libero aut aut nihil aperiam.', 4, '2018-03-25 15:44:18', '2018-03-25 15:44:18'),
(182, 118, 'Geovanni Eichmann', 'Sed ex excepturi dolores omnis mollitia aut pariatur. Et consequuntur error dolore et. Itaque praesentium eos eos natus. Vero vel pariatur sit voluptatibus est vel.', 0, '2018-03-25 15:44:18', '2018-03-25 15:44:18'),
(183, 11, 'Myrtis Lehner IV', 'Nesciunt ab enim nostrum pariatur et. Voluptatem quae et dolores ad adipisci non qui. Et in et et nulla nobis. Quaerat excepturi doloremque et qui ex.', 3, '2018-03-25 15:44:18', '2018-03-25 15:44:18'),
(184, 121, 'Dr. Tony Waters', 'Corrupti voluptatum adipisci qui culpa ipsum aliquid. Et ut eum odit error vitae velit similique et. Quas nihil ut qui doloribus. Sequi fuga ut dolore eius cupiditate.', 1, '2018-03-25 15:44:18', '2018-03-25 15:44:18'),
(185, 130, 'Maggie Becker DDS', 'Incidunt nam tenetur doloremque autem consectetur. Ex ipsum doloremque architecto itaque nihil voluptas. Excepturi non vitae minus.', 4, '2018-03-25 15:44:18', '2018-03-25 15:44:18'),
(186, 64, 'Shaun Beer', 'Reiciendis consequatur et est sequi. Nulla reiciendis reiciendis dolor. Repellat est cupiditate eveniet dicta quisquam eum ex. Labore consectetur molestiae sint similique quia distinctio perferendis. Rem quis officia officiis modi quibusdam.', 4, '2018-03-25 15:44:18', '2018-03-25 15:44:18'),
(187, 52, 'Maxine Jast', 'Exercitationem assumenda asperiores itaque voluptas laboriosam dicta aspernatur dicta. Eius illo odit eum. Earum tempora architecto fugiat facere illo.', 5, '2018-03-25 15:44:18', '2018-03-25 15:44:18'),
(188, 20, 'Veronica Davis', 'Quidem magnam ea excepturi enim reprehenderit. Odit in impedit voluptatibus error aut occaecati. Voluptatum consectetur quos beatae minus. Eum veniam culpa dolores voluptas quidem expedita facilis reprehenderit.', 4, '2018-03-25 15:44:18', '2018-03-25 15:44:18'),
(189, 6, 'Dr. Sheridan Boyle Jr.', 'Eum non ut explicabo voluptates occaecati delectus voluptatem molestiae. Odit consequatur voluptatibus enim perspiciatis et. Sint cupiditate vel architecto eos. Quidem velit et voluptatem voluptates fugit soluta tenetur.', 5, '2018-03-25 15:44:18', '2018-03-25 15:44:18'),
(190, 134, 'Laney Cole IV', 'Et eaque voluptas deleniti ab sit officia eveniet. Occaecati aliquid at incidunt officia laboriosam pariatur officiis. Maiores sequi placeat repudiandae esse labore. Voluptatem impedit ad autem animi optio.', 2, '2018-03-25 15:44:18', '2018-03-25 15:44:18'),
(191, 11, 'Reta Ferry III', 'Deserunt commodi optio eos. Vel nulla et dolores qui est. Omnis aut pariatur blanditiis molestiae.', 5, '2018-03-25 15:44:18', '2018-03-25 15:44:18'),
(192, 125, 'Miss Dora Cremin', 'Ea excepturi at voluptates aut. Consequuntur totam autem quia optio inventore sapiente expedita. Sed et sunt pariatur omnis optio non. Magni sunt similique deserunt qui.', 4, '2018-03-25 15:44:18', '2018-03-25 15:44:18'),
(193, 11, 'Walton Friesen', 'Reprehenderit sapiente commodi est numquam enim dolore sit. Dignissimos explicabo pariatur laborum voluptas. Tempora voluptatibus odit tempore natus sapiente. Labore temporibus sint deserunt accusantium.', 0, '2018-03-25 15:44:18', '2018-03-25 15:44:18'),
(194, 64, 'Tiana Aufderhar', 'Saepe sed qui molestiae voluptatem voluptatem minus. Minima sed sunt nam esse ea libero est. Totam sunt commodi cupiditate optio commodi rerum rerum. Dolores impedit soluta natus.', 4, '2018-03-25 15:44:18', '2018-03-25 15:44:18'),
(195, 147, 'Lea McLaughlin', 'Rerum enim eos ullam ab est maiores voluptatem rerum. Similique quod expedita et sed tempore harum earum. Accusantium beatae quia accusantium non.', 2, '2018-03-25 15:44:18', '2018-03-25 15:44:18'),
(196, 74, 'Elmo Koepp', 'Eius quas expedita omnis molestiae at dignissimos rerum. Saepe quasi enim laudantium. Consequatur quis delectus pariatur non ab est. Voluptas qui qui commodi maxime.', 1, '2018-03-25 15:44:18', '2018-03-25 15:44:18'),
(197, 108, 'Prof. Grady Gislason I', 'Dolore dolorum aut qui aut est vitae consectetur. Et in aut sint et ducimus aut. Necessitatibus cumque quae voluptas atque.', 0, '2018-03-25 15:44:18', '2018-03-25 15:44:18'),
(198, 35, 'Laila Hermann', 'Voluptatem reprehenderit et pariatur non aut sed. Et error sit sit odio et. Possimus iste tempore dolorem. Repellat id quia praesentium.', 3, '2018-03-25 15:44:18', '2018-03-25 15:44:18'),
(199, 60, 'Roxanne Padberg', 'Sequi sit beatae vitae. Necessitatibus aperiam facilis temporibus vel. Sed eum quod odio rerum possimus fugiat. Ut cupiditate autem placeat dolorum quas consequatur quia.', 1, '2018-03-25 15:44:18', '2018-03-25 15:44:18'),
(200, 43, 'Rosalind Cole DDS', 'Voluptas modi autem aut quia aspernatur at voluptas. Repellendus voluptas quia esse dolores. Est officiis enim laborum in. Vel cupiditate iusto iure sunt perferendis eum eos. Nostrum placeat reiciendis sequi iusto incidunt ab et vel.', 2, '2018-03-25 15:44:18', '2018-03-25 15:44:18'),
(201, 141, 'Letha Heller', 'Autem non voluptatibus animi placeat recusandae. Iste et aut provident sint similique. Rerum non non est ratione eum. Illo sit omnis dolor est et.', 1, '2018-03-25 15:44:18', '2018-03-25 15:44:18'),
(202, 140, 'Jessika Olson', 'Facere aut aut molestiae porro alias dolores. Omnis aut omnis impedit doloremque omnis accusantium. Atque ducimus facere natus perspiciatis repudiandae.', 1, '2018-03-25 15:44:18', '2018-03-25 15:44:18'),
(203, 31, 'Susanna Bradtke', 'Facilis tempora sapiente et molestiae totam nihil velit. Unde sit dolorum non consequatur sit et magnam. Libero dicta illo ab porro eum.', 3, '2018-03-25 15:44:18', '2018-03-25 15:44:18'),
(204, 126, 'Greta Ward', 'Omnis odio in et sed blanditiis. Veniam aperiam delectus iusto distinctio sed et molestiae in. Dolores hic sed et asperiores ut. Facilis eos non laborum praesentium dolore.', 2, '2018-03-25 15:44:18', '2018-03-25 15:44:18'),
(205, 146, 'Elaina Abshire', 'Expedita iusto dicta atque debitis cupiditate quaerat. Aut quasi culpa qui est reprehenderit veniam eum asperiores. Eveniet ea similique facere commodi qui distinctio.', 1, '2018-03-25 15:44:18', '2018-03-25 15:44:18'),
(206, 102, 'Gardner Schuster Sr.', 'Et sunt cumque explicabo possimus voluptatem ratione perferendis. Quam dolores laborum et. Quas deserunt maiores qui soluta sed.', 5, '2018-03-25 15:44:18', '2018-03-25 15:44:18'),
(207, 7, 'Otis Rempel', 'Voluptates velit aut eius explicabo quae. Impedit aut aut ut iusto. Quibusdam ullam est magnam at.', 5, '2018-03-25 15:44:18', '2018-03-25 15:44:18'),
(208, 20, 'Jermain Shields', 'Ut impedit corrupti dicta sequi asperiores consequuntur. Aut quia suscipit necessitatibus aliquid adipisci atque et. Cum ab quis vel magni et consequatur ut.', 0, '2018-03-25 15:44:18', '2018-03-25 15:44:18'),
(209, 6, 'Emmanuel Kuphal DDS', 'Expedita et ipsum qui ipsum at voluptas. Occaecati delectus itaque sint dolor. Sunt ipsam neque cum sunt praesentium vero.', 4, '2018-03-25 15:44:18', '2018-03-25 15:44:18');
INSERT INTO `reviews` (`id`, `product_id`, `customer`, `review`, `star`, `created_at`, `updated_at`) VALUES
(210, 133, 'Prof. Moises Hyatt', 'Similique et occaecati dolores fugit soluta quibusdam. Non voluptatibus et et optio praesentium. Et quis vero ut omnis eum temporibus. Dolores nihil eligendi quo dolore.', 0, '2018-03-25 15:44:18', '2018-03-25 15:44:18'),
(211, 2, 'Wiley Ankunding', 'Voluptatem totam eaque ipsa magnam atque a. Sequi asperiores libero incidunt reiciendis quos modi. Saepe voluptatibus quibusdam quisquam aspernatur culpa.', 5, '2018-03-25 15:44:18', '2018-03-25 15:44:18'),
(212, 83, 'Prof. Jewel Reichel MD', 'Aliquam provident quibusdam velit corrupti possimus iste illum. Voluptatem cupiditate ullam vero adipisci.', 2, '2018-03-25 15:44:18', '2018-03-25 15:44:18'),
(213, 108, 'Prof. Anna Gorczany', 'Est aut in debitis consequatur. Quidem quasi id pariatur error deleniti. Omnis enim recusandae labore molestiae et ut qui.', 4, '2018-03-25 15:44:18', '2018-03-25 15:44:18'),
(214, 105, 'Nathanial Gorczany', 'Dolor eos est voluptate nostrum voluptate et dolorum. Itaque rem quod asperiores est dolor architecto ut dignissimos. Perferendis itaque iure repellat dolorum possimus.', 5, '2018-03-25 15:44:18', '2018-03-25 15:44:18'),
(215, 105, 'Steve Schulist', 'Explicabo aut eos nemo animi recusandae. Laborum et asperiores sunt minus beatae. Enim laborum sed itaque reprehenderit.', 3, '2018-03-25 15:44:18', '2018-03-25 15:44:18'),
(216, 133, 'Blanca D\'Amore', 'Ut nam minus eos repellat. Sed harum reprehenderit dolor soluta et excepturi. Nemo dignissimos ut laboriosam et deleniti.', 1, '2018-03-25 15:44:18', '2018-03-25 15:44:18'),
(217, 87, 'Clay Bradtke', 'Error laborum voluptatibus expedita blanditiis ab dolorem. Corrupti animi et nemo voluptatem mollitia ex ad. Id et ipsum nihil.', 0, '2018-03-25 15:44:18', '2018-03-25 15:44:18'),
(218, 88, 'Emmalee Blanda', 'Est earum natus delectus eum. Quos sit harum perspiciatis voluptatem nam natus. Sed aut dolores architecto et nesciunt eaque et omnis. Deserunt sequi rem et harum et aut velit.', 0, '2018-03-25 15:44:18', '2018-03-25 15:44:18'),
(219, 149, 'Sandy Goldner', 'Quia dolores vel eum sit. Et repudiandae qui aliquid omnis sit aliquid. In error laborum aut placeat quia.', 0, '2018-03-25 15:44:19', '2018-03-25 15:44:19'),
(220, 3, 'Neva Bergnaum V', 'Nemo sint aspernatur facere laborum in praesentium sed. Minus eos ratione esse error veniam et velit. Quia quam laborum sed tenetur delectus sit. Consequatur optio officiis ut deleniti voluptas et. Ex laudantium eos quibusdam.', 4, '2018-03-25 15:44:19', '2018-03-25 15:44:19'),
(221, 58, 'Dr. Lilliana Veum PhD', 'Earum quod sint facere voluptatem. Veniam error aliquam nostrum sed aut rerum sit. Id consectetur vitae veritatis ut deleniti est ab.', 5, '2018-03-25 15:44:19', '2018-03-25 15:44:19'),
(222, 136, 'Prof. Amir Schoen IV', 'Distinctio nisi et nisi est est optio praesentium. Quis cupiditate ut amet minus ullam. Et corporis sapiente fugiat quo vel. Est ut dolorem sint nesciunt voluptatem eos odio. Eum et provident qui temporibus.', 5, '2018-03-25 15:44:19', '2018-03-25 15:44:19'),
(223, 149, 'Jane Bechtelar', 'Ducimus ea et dolorum ex sint. Doloremque ullam officiis ducimus facere nemo suscipit et sint. Dolor necessitatibus possimus enim veritatis. Rem sunt enim voluptatem ut enim amet fuga.', 0, '2018-03-25 15:44:19', '2018-03-25 15:44:19'),
(224, 96, 'Alexys Rolfson', 'Quis non quo ab est dolores. Perferendis quo eaque consequatur vero et. Ipsum quasi eligendi consequatur qui ex sunt doloribus. Et qui sint illo nihil suscipit enim.', 3, '2018-03-25 15:44:19', '2018-03-25 15:44:19'),
(225, 49, 'Alysha McClure', 'Iure aut animi quia quod quaerat cum. Quo assumenda quas sequi fugiat cupiditate tenetur. Omnis officia quia ex nobis eum quis rerum. Officia illum iure nesciunt.', 3, '2018-03-25 15:44:19', '2018-03-25 15:44:19'),
(226, 90, 'Marcelle Medhurst III', 'Quo placeat officia laboriosam odit voluptatem laudantium autem in. Autem magnam praesentium non consequuntur dolor. Aut vel at cupiditate rerum sed. Nesciunt non et et repellendus quasi eius eaque recusandae.', 3, '2018-03-25 15:44:19', '2018-03-25 15:44:19'),
(227, 119, 'Rudy Murphy', 'Nostrum amet omnis excepturi reprehenderit voluptatem quia. Molestias tempora iusto ea omnis sequi et. Corrupti consectetur iure sed ad.', 2, '2018-03-25 15:44:19', '2018-03-25 15:44:19'),
(228, 22, 'Shayne Schuster Sr.', 'Quos enim voluptatibus a voluptatem. Aut enim excepturi explicabo debitis placeat. Quibusdam laboriosam autem asperiores labore quos est id quo. Laboriosam molestiae eaque molestiae enim facilis quia provident.', 0, '2018-03-25 15:44:19', '2018-03-25 15:44:19'),
(229, 121, 'Abraham Hessel', 'Nihil totam facere et sed qui autem. Delectus et incidunt labore. Voluptatem in consequatur aliquam et in non praesentium.', 0, '2018-03-25 15:44:19', '2018-03-25 15:44:19'),
(230, 39, 'Izabella Collier', 'Accusamus dolorem aperiam iure facere in molestiae. Quia accusamus iure voluptatem ullam ratione consequuntur.', 2, '2018-03-25 15:44:19', '2018-03-25 15:44:19'),
(231, 1, 'Neoma Schulist', 'Nihil quo laudantium et error. Deserunt impedit repudiandae vero provident sit provident. Facere autem quisquam aut veniam.', 3, '2018-03-25 15:44:19', '2018-03-25 15:44:19'),
(232, 1, 'Dr. Julian Hagenes II', 'Voluptas at vitae dolorem aut nesciunt inventore. Sapiente ut aut hic dolor.', 3, '2018-03-25 15:44:19', '2018-03-25 15:44:19'),
(233, 83, 'Dr. Douglas Schuppe MD', 'Exercitationem est nam voluptatum ea ea hic numquam. Rem numquam eum nihil sunt. Consectetur inventore hic sed unde ut illum qui. Rerum rerum maiores qui deserunt eligendi dolorem eaque.', 0, '2018-03-25 15:44:19', '2018-03-25 15:44:19'),
(234, 71, 'Geoffrey McDermott', 'Tempore neque autem voluptas et. Provident praesentium explicabo quo inventore doloremque expedita. Optio nihil magni minus exercitationem deserunt ex alias.', 1, '2018-03-25 15:44:19', '2018-03-25 15:44:19'),
(235, 40, 'Bart Dooley', 'Et quaerat suscipit nesciunt omnis quia itaque. Qui quo asperiores et eos fugit ipsum fuga. Repudiandae atque ut ex aut voluptatem enim.', 2, '2018-03-25 15:44:19', '2018-03-25 15:44:19'),
(236, 108, 'Melvina Nitzsche', 'Iure quia quia corrupti aliquid dignissimos numquam nesciunt nobis. Quis aut eaque aliquid molestias vero. Ipsum tempore ea minima consequatur quia. Sit eveniet id ut qui voluptates. Ea reiciendis distinctio odit ex eligendi.', 0, '2018-03-25 15:44:19', '2018-03-25 15:44:19'),
(237, 89, 'Aliza Tremblay MD', 'Sapiente vero porro id repellat esse vel. Optio nulla nisi autem vel minima explicabo suscipit. Ipsa ut cupiditate sequi perferendis quam. Quisquam molestiae hic suscipit quo.', 0, '2018-03-25 15:44:19', '2018-03-25 15:44:19'),
(238, 53, 'Dr. Amparo Douglas', 'Provident sit quo quis ad ea sint. Magnam omnis dolor rerum officiis molestiae laboriosam. Itaque optio excepturi necessitatibus reiciendis facere.', 1, '2018-03-25 15:44:19', '2018-03-25 15:44:19'),
(239, 122, 'Prof. Zoe Crona', 'Maxime reiciendis modi dolore et. Rerum fugit perspiciatis praesentium ut. Cum id beatae eos non. Rerum aperiam iste modi tenetur saepe veniam quis.', 1, '2018-03-25 15:44:19', '2018-03-25 15:44:19'),
(240, 25, 'Makenna Collins V', 'Dignissimos sapiente perferendis totam vitae voluptate non officiis. Doloremque nesciunt repellat qui et tempore facilis est. Tempora quasi autem ratione beatae vel. Repellat veritatis veritatis neque expedita totam dolorem.', 4, '2018-03-25 15:44:19', '2018-03-25 15:44:19'),
(241, 88, 'Charles Howe II', 'Commodi excepturi fugit esse repellat praesentium atque cum. Dolores quia officia eius quam consequatur commodi omnis. Perspiciatis sint doloremque aut iusto nemo omnis.', 5, '2018-03-25 15:44:19', '2018-03-25 15:44:19'),
(242, 65, 'Ramona Davis III', 'Deserunt velit sed ut cum. Molestias aspernatur qui sunt consequatur nam ducimus dolore eum. Debitis at ut distinctio qui vitae.', 5, '2018-03-25 15:44:19', '2018-03-25 15:44:19'),
(243, 32, 'Mrs. Linnea Schaden', 'Error ut at facilis minus quibusdam. Voluptate est sequi sed. Illo est veniam quo incidunt ducimus repudiandae.', 0, '2018-03-25 15:44:19', '2018-03-25 15:44:19'),
(244, 29, 'Sofia Dare', 'Voluptatibus esse assumenda aliquam quos facilis. Minus voluptas expedita deserunt repellat. Placeat dolorem dolor odio voluptate ea. Quae libero voluptate nulla aut quasi.', 3, '2018-03-25 15:44:19', '2018-03-25 15:44:19'),
(245, 25, 'Reanna Nader', 'Ipsum dicta unde at. Ex aperiam sapiente ipsa assumenda placeat. Non consequuntur animi quia. Corporis fugit vel fugit aliquam.', 4, '2018-03-25 15:44:19', '2018-03-25 15:44:19'),
(246, 41, 'Roma Lehner IV', 'Iure nisi quas dolor illum nihil aut debitis. Deserunt quasi delectus vel fuga qui iusto cum et. Explicabo et corrupti necessitatibus iure ut.', 2, '2018-03-25 15:44:19', '2018-03-25 15:44:19'),
(247, 56, 'Dr. Henriette Raynor', 'Delectus ut est quibusdam aut id. Quo fuga soluta non non quaerat minus est facere. Doloribus quisquam nobis labore aut sint quia quod. Numquam ut est molestiae ratione voluptate et et et.', 1, '2018-03-25 15:44:19', '2018-03-25 15:44:19'),
(248, 19, 'Miss Robyn Lesch', 'Et praesentium minus mollitia itaque. Ad sequi nulla quidem sit vero sint cupiditate.', 0, '2018-03-25 15:44:19', '2018-03-25 15:44:19'),
(249, 55, 'Jo Quigley', 'Eum assumenda et necessitatibus a non ab. Ut et eveniet accusamus eveniet voluptatibus.', 2, '2018-03-25 15:44:19', '2018-03-25 15:44:19'),
(250, 36, 'Marlen Hills', 'Et corporis autem deserunt inventore. Repellendus sit beatae consequatur doloremque labore quo. Qui expedita suscipit natus aut iste accusantium quae.', 0, '2018-03-25 15:44:19', '2018-03-25 15:44:19'),
(251, 44, 'Cornelius Mills', 'Nemo esse dolorem magni placeat vel est qui. Necessitatibus et ducimus aut iure.', 5, '2018-03-25 15:44:19', '2018-03-25 15:44:19'),
(252, 50, 'Al Gutkowski', 'Aut animi tempora nesciunt aut aut libero laborum. Ut assumenda delectus ratione rerum. Est corrupti ea magni a voluptatem hic. Nisi asperiores assumenda maiores error veritatis cumque vel.', 1, '2018-03-25 15:44:19', '2018-03-25 15:44:19'),
(253, 132, 'Vicky Morissette', 'Sunt fugiat nesciunt quis ut et voluptas quia vel. Voluptas enim vel quis maiores.', 3, '2018-03-25 15:44:19', '2018-03-25 15:44:19'),
(254, 86, 'Prof. Sigurd Rath', 'Et et quia dolores voluptatem delectus delectus. Cum doloribus magnam modi aperiam nam. Omnis libero aliquid voluptatum dolor autem.', 5, '2018-03-25 15:44:19', '2018-03-25 15:44:19'),
(255, 124, 'Velda Langworth', 'Ipsum corrupti sed explicabo nisi dolore non iste. Ea voluptatum adipisci id non eius quo. Voluptatem et eveniet corporis aut iste deserunt. Quis maxime cupiditate placeat reprehenderit.', 2, '2018-03-25 15:44:19', '2018-03-25 15:44:19'),
(256, 85, 'Braeden Lang', 'Exercitationem beatae fugiat beatae iure eligendi quasi rerum. Repellat doloribus vel ut at omnis ducimus.', 3, '2018-03-25 15:44:20', '2018-03-25 15:44:20'),
(257, 106, 'Earnestine Lakin V', 'Dolore occaecati pariatur enim nulla. Amet vel repellat omnis nobis. Debitis et voluptates quia voluptatem aperiam aut. Voluptas aut sint minima qui a non.', 4, '2018-03-25 15:44:20', '2018-03-25 15:44:20'),
(258, 63, 'Autumn Paucek Jr.', 'Quia non ad veritatis non. Laudantium maxime soluta veritatis sit veritatis cumque voluptate ipsum. Ratione quas rerum atque cupiditate est neque laboriosam. Labore fuga mollitia laudantium iure error voluptatem.', 0, '2018-03-25 15:44:20', '2018-03-25 15:44:20'),
(259, 44, 'Dr. Shany Gaylord DVM', 'Ut qui molestiae quibusdam voluptas esse. Vero ipsam sed voluptas. Blanditiis officiis quia similique.', 5, '2018-03-25 15:44:20', '2018-03-25 15:44:20'),
(260, 24, 'Mrs. Eleanore O\'Hara', 'Delectus quam qui earum quasi quibusdam. Nihil iure vitae maiores consequuntur dolor. Ipsam et ut voluptas accusamus. Non laboriosam voluptas placeat autem qui sed.', 2, '2018-03-25 15:44:20', '2018-03-25 15:44:20'),
(261, 116, 'Dr. Jordan Cassin', 'Aut a voluptatum quisquam. Et deleniti culpa sed et non consequatur.', 2, '2018-03-25 15:44:20', '2018-03-25 15:44:20'),
(262, 3, 'Eveline Schowalter', 'Corporis in eos ut qui error accusamus quibusdam. Officia necessitatibus saepe mollitia nulla dolor quis. Consequatur eum libero perspiciatis. Saepe soluta rerum quis corporis quisquam ipsum.', 5, '2018-03-25 15:44:20', '2018-03-25 15:44:20'),
(263, 26, 'Ms. Palma Connelly MD', 'Error quo ad sint ratione. Laborum veritatis suscipit similique in sed ratione. Et amet et aliquam deleniti a aperiam quia. Deleniti qui sint ut ab et architecto quo id.', 5, '2018-03-25 15:44:20', '2018-03-25 15:44:20'),
(264, 124, 'Miss Dina Wolf', 'Rerum nemo consequuntur animi consequuntur similique qui. Ipsum et distinctio nihil sed iste accusamus non. Neque maiores et vitae quaerat fugiat. Unde distinctio rerum corporis sequi.', 5, '2018-03-25 15:44:20', '2018-03-25 15:44:20'),
(265, 53, 'Dr. Hudson Quigley DVM', 'Rerum aperiam repudiandae aut quae natus. Porro et at illo doloribus ad eveniet reiciendis. Iste vel ducimus incidunt.', 4, '2018-03-25 15:44:20', '2018-03-25 15:44:20'),
(266, 30, 'Ronny Johnson', 'Enim voluptas et consequatur ipsa. Recusandae sed quia quis facilis cupiditate nesciunt sint. Consectetur ut nostrum maiores eum sequi reiciendis.', 3, '2018-03-25 15:44:20', '2018-03-25 15:44:20'),
(267, 44, 'Kathryn Frami', 'Et molestiae ut dolore voluptas facilis ut ratione. Sint quia eum velit temporibus non. Iure eos sit consequuntur dolor. Dolore aspernatur qui atque et et aut pariatur.', 3, '2018-03-25 15:44:20', '2018-03-25 15:44:20'),
(268, 30, 'Prof. Karson Gottlieb DVM', 'Veritatis officia vitae aut corporis. Expedita ut libero modi ea dolor ut sint. Velit facilis quidem atque incidunt harum. Alias perferendis odio et doloribus eos qui quia.', 0, '2018-03-25 15:44:20', '2018-03-25 15:44:20'),
(269, 9, 'Anissa Harris', 'Et similique provident optio non quia. Ratione aliquid qui eos odit pariatur. Rem veritatis dolor sit dolor quia odio praesentium.', 0, '2018-03-25 15:44:20', '2018-03-25 15:44:20'),
(270, 90, 'Rosemarie Yost', 'Totam autem esse sit aut eum quo est deserunt. Inventore ea nam sapiente non provident ex nisi sed. Eos veritatis natus non sit. Pariatur ab ea qui deserunt voluptates.', 4, '2018-03-25 15:44:20', '2018-03-25 15:44:20'),
(271, 133, 'Nelda McGlynn', 'Atque sed ipsa repellat doloremque neque velit. Quam beatae aut quia vitae qui nihil. Voluptatem enim repellat nam omnis ipsa dolorem.', 4, '2018-03-25 15:44:20', '2018-03-25 15:44:20'),
(272, 110, 'Bria Renner', 'Quaerat recusandae fugit autem qui omnis labore non nisi. Ipsam sit quod vel tempore et eaque. Maxime esse odit repudiandae consequuntur voluptas illo voluptate fuga. Non quae eveniet exercitationem velit rem vel.', 1, '2018-03-25 15:44:20', '2018-03-25 15:44:20'),
(273, 44, 'Paris Bahringer MD', 'Nulla inventore et architecto voluptatem nihil. Labore qui distinctio soluta veritatis nobis quasi. Delectus accusantium enim ipsa ullam. Dolor pariatur sed similique harum aut aut.', 1, '2018-03-25 15:44:20', '2018-03-25 15:44:20'),
(274, 111, 'Rachelle Bogisich', 'Cupiditate cumque quaerat ducimus alias autem eveniet. Sed nemo eaque delectus est nihil. Voluptates temporibus rerum quaerat explicabo corrupti. Id culpa est est non provident.', 1, '2018-03-25 15:44:20', '2018-03-25 15:44:20'),
(275, 148, 'Arlo Bins DVM', 'Odio voluptatem est dignissimos et ipsum ut molestiae. Provident soluta ea earum. Ut alias eaque eos fuga dolorem deleniti doloribus. Quos eos similique excepturi iure ea.', 4, '2018-03-25 15:44:20', '2018-03-25 15:44:20'),
(276, 55, 'Dr. Jeramy Schultz Sr.', 'Enim expedita deleniti cupiditate soluta repellendus eum. Voluptatem quis quod quasi aut in molestias voluptate id. Aut ut qui cupiditate nesciunt.', 5, '2018-03-25 15:44:20', '2018-03-25 15:44:20'),
(277, 134, 'Tabitha Howe DVM', 'Eum libero minus enim mollitia reprehenderit. Temporibus labore et vitae autem. Assumenda quisquam et et tempore reiciendis accusamus reiciendis.', 3, '2018-03-25 15:44:20', '2018-03-25 15:44:20'),
(278, 53, 'Dr. Lexus Padberg DVM', 'Consequatur magnam id praesentium itaque iste provident. Enim molestiae consequatur et quibusdam ut qui temporibus. Iure reprehenderit ipsa voluptatem nulla perspiciatis autem.', 3, '2018-03-25 15:44:20', '2018-03-25 15:44:20'),
(279, 36, 'Emerson Bartell', 'Sunt itaque nihil quidem officiis. Sed ea sit qui est saepe est ut. Ratione sunt et molestiae nobis labore. Est tempora nesciunt facilis et.', 2, '2018-03-25 15:44:20', '2018-03-25 15:44:20'),
(280, 24, 'Rosa Emmerich', 'Culpa sed aperiam architecto voluptas cumque est. Illum et sequi mollitia. Dolorum doloremque asperiores in dignissimos nihil aut ea.', 0, '2018-03-25 15:44:20', '2018-03-25 15:44:20'),
(281, 81, 'Aniya Kuhic', 'Odio harum eum aut rem nobis. Aliquid iure ut consectetur iste itaque ad sapiente. Architecto qui perferendis in odit aspernatur ex qui libero.', 2, '2018-03-25 15:44:20', '2018-03-25 15:44:20'),
(282, 13, 'Irma Prosacco', 'Magnam modi dolorem dolores dolorem explicabo consequatur. Non autem fugit et qui accusamus quae. Eligendi quidem quam possimus quia non. Sunt officiis deleniti ipsam maiores quas eum.', 2, '2018-03-25 15:44:20', '2018-03-25 15:44:20'),
(283, 9, 'Forest Kertzmann', 'Voluptatem aut ut sed. Velit earum dolorem placeat nemo aut consequatur. Qui repellat dolorum quaerat accusantium voluptatum veniam doloremque non. Delectus officiis dolores voluptas dolore.', 1, '2018-03-25 15:44:20', '2018-03-25 15:44:20'),
(284, 80, 'Dr. Craig Jenkins', 'Quis aut delectus magni sint placeat est. Distinctio natus est doloremque voluptas commodi. Impedit ducimus officiis exercitationem eos dicta excepturi numquam. Odio libero perspiciatis eius et quibusdam accusamus.', 2, '2018-03-25 15:44:20', '2018-03-25 15:44:20'),
(285, 78, 'Leonie Hodkiewicz', 'Soluta natus fugiat aspernatur numquam sunt. Debitis eaque tempora facilis maxime sunt dolores. Et delectus corporis sequi et quaerat dignissimos.', 2, '2018-03-25 15:44:20', '2018-03-25 15:44:20'),
(286, 53, 'Lew Murphy', 'Animi voluptatibus eum nam eos. Beatae dolor possimus omnis. Voluptatem et facilis amet et nobis consequatur culpa omnis. Necessitatibus et omnis similique fugit.', 3, '2018-03-25 15:44:20', '2018-03-25 15:44:20'),
(287, 102, 'Avery Donnelly', 'Debitis tenetur non facere autem molestiae est non. Cupiditate placeat quis consequatur eveniet repellat. Sint corrupti doloribus nam est aut.', 4, '2018-03-25 15:44:20', '2018-03-25 15:44:20'),
(288, 23, 'Rowan Harber II', 'At qui rem placeat suscipit. Iure minima doloribus est vel est consequatur labore. Dolorum dolor officia quia dicta molestiae voluptatem. Laborum nulla tempore aperiam deleniti facere reiciendis.', 2, '2018-03-25 15:44:20', '2018-03-25 15:44:20'),
(289, 124, 'Rosetta Wisozk DDS', 'Fugit soluta quam libero facere quidem qui odit. Esse dolorem aut vero aperiam iure quibusdam voluptatibus voluptates.', 0, '2018-03-25 15:44:20', '2018-03-25 15:44:20'),
(290, 3, 'Lelia Abbott I', 'Et facilis hic voluptatem ut. Omnis quia dolor delectus et neque eaque a pariatur. Consectetur animi distinctio non iste aut in provident distinctio. Dolores laborum quis qui consequatur quidem ducimus assumenda ut.', 3, '2018-03-25 15:44:20', '2018-03-25 15:44:20'),
(291, 114, 'Augusta Shields Jr.', 'Sed ut impedit reprehenderit officia aut cupiditate maxime. Quidem saepe dolorum possimus ipsum aut modi est. Vero voluptatibus quos sint et nam rem. Et ipsa praesentium amet incidunt.', 0, '2018-03-25 15:44:20', '2018-03-25 15:44:20'),
(292, 2, 'Guillermo Larson Sr.', 'Exercitationem incidunt magnam itaque qui incidunt architecto. Pariatur accusantium magni sit. Eius odit consectetur quia quaerat repellendus et fuga eaque. In itaque fugit ut natus aut omnis possimus.', 0, '2018-03-25 15:44:20', '2018-03-25 15:44:20'),
(293, 94, 'Deshaun Morar', 'Illum natus sint omnis ipsam hic totam facilis. Ipsa quia ut quia facere omnis sunt commodi.', 0, '2018-03-25 15:44:21', '2018-03-25 15:44:21'),
(294, 112, 'Karianne Paucek', 'Reiciendis omnis vel omnis doloribus rerum nisi id. Eaque ipsum omnis dolores recusandae. Voluptatibus debitis et qui maiores.', 3, '2018-03-25 15:44:21', '2018-03-25 15:44:21'),
(295, 59, 'Andres Thiel', 'In placeat repellendus reiciendis reprehenderit. Ducimus perspiciatis cum fugiat accusamus est. Dolores aspernatur repellendus perspiciatis ut asperiores eveniet tempore.', 3, '2018-03-25 15:44:21', '2018-03-25 15:44:21'),
(296, 94, 'Mrs. Theodora Littel', 'Rem sunt amet quisquam nulla enim voluptatibus. Molestias aut esse ratione laborum sint animi adipisci. Architecto voluptates labore nobis at est. Ducimus cum sunt nihil. Tenetur corrupti sed assumenda sint quibusdam.', 4, '2018-03-25 15:44:21', '2018-03-25 15:44:21'),
(297, 94, 'Otho Mann', 'Perspiciatis aut numquam et occaecati et et quas. Nulla officia quia nemo sit. Minima aut ad possimus qui laborum voluptatibus animi. Rerum molestias laborum blanditiis distinctio et odit.', 0, '2018-03-25 15:44:21', '2018-03-25 15:44:21'),
(298, 104, 'Maeve Satterfield', 'Alias est fugit in cupiditate perspiciatis occaecati. Debitis commodi doloremque minima in enim sed. Delectus officiis esse cumque nemo necessitatibus tempore laborum.', 0, '2018-03-25 15:44:21', '2018-03-25 15:44:21'),
(299, 105, 'Larissa Grant', 'Et nobis hic consequatur nihil vel deserunt pariatur dolores. Voluptatem adipisci reiciendis velit qui nesciunt rerum rem. Non occaecati doloremque rerum ex qui. Perferendis aut labore tempora cupiditate fuga molestias reiciendis voluptas.', 5, '2018-03-25 15:44:21', '2018-03-25 15:44:21'),
(300, 7, 'Laron Ryan', 'Pariatur commodi et et molestias. Ut repellendus quisquam et molestias consequuntur. At voluptatem ea quia sed temporibus illum. Eum sed eveniet ut dicta id.', 5, '2018-03-25 15:44:21', '2018-03-25 15:44:21'),
(301, 134, 'Briana Kilback', 'Enim saepe aliquid qui adipisci debitis dicta corrupti dolorem. Dolorem quod porro quam voluptatem quod aut sed. Quas iste nihil veniam impedit consequatur quia fugiat.', 2, '2018-03-25 15:44:21', '2018-03-25 15:44:21'),
(302, 76, 'Rachelle Aufderhar PhD', 'Est illum adipisci commodi distinctio. Sunt eius ipsum voluptas est et est ducimus. Aut omnis nostrum dolore et officiis cum. Possimus vitae sed magni velit. Non ut eius eligendi molestiae excepturi deserunt.', 2, '2018-03-25 15:44:21', '2018-03-25 15:44:21'),
(303, 11, 'Ms. Sadye Wilkinson', 'Consequatur consequatur ipsam explicabo nostrum nesciunt. Aperiam sit voluptate veritatis porro culpa ab. Molestiae explicabo voluptatibus a ut.', 2, '2018-03-25 15:44:21', '2018-03-25 15:44:21'),
(304, 93, 'Miller Becker', 'Esse et officiis soluta blanditiis ut eaque nisi. Accusamus dicta ipsum vitae ea qui. Aut autem illo vel voluptatem.', 4, '2018-03-25 15:44:21', '2018-03-25 15:44:21'),
(305, 39, 'Tatyana Hessel IV', 'Rerum quia impedit maxime. Optio iusto molestiae nisi soluta consequatur. Sunt sed id facilis qui dolorum pariatur.', 1, '2018-03-25 15:44:21', '2018-03-25 15:44:21'),
(306, 86, 'Prof. Noe Brakus MD', 'Impedit consectetur in perferendis harum totam quos saepe et. Quasi et nesciunt nesciunt esse velit dolorem ut. Vero velit occaecati iure animi.', 0, '2018-03-25 15:44:21', '2018-03-25 15:44:21'),
(307, 42, 'Alphonso Ondricka', 'Omnis laudantium nulla quis. Esse fuga et eos iure doloribus officia. Voluptatem accusantium vitae facilis enim nisi qui officiis omnis. Praesentium dolorem deleniti dolorem voluptatem doloremque corporis molestias.', 2, '2018-03-25 15:44:21', '2018-03-25 15:44:21'),
(308, 87, 'Cruz Kutch', 'Soluta velit error pariatur earum quae. Et fuga et dolores in aut vel. Autem consequuntur molestias eos tempora. Natus facere at amet maxime dolorem.', 5, '2018-03-25 15:44:21', '2018-03-25 15:44:21'),
(309, 116, 'Dasia Schimmel', 'Veritatis dolores accusantium quos impedit eum minima sit. Quo eos sequi rerum laborum rerum ullam. Non tenetur eos debitis natus ut commodi sit. Vero temporibus et voluptates sed.', 5, '2018-03-25 15:44:21', '2018-03-25 15:44:21'),
(310, 69, 'Ms. Jenifer Ferry', 'Est perferendis maxime optio repellat consequatur molestiae. Eveniet possimus reprehenderit voluptatum eius. Eius consequuntur velit enim praesentium ab. Non consequatur maiores maxime id sed.', 1, '2018-03-25 15:44:21', '2018-03-25 15:44:21'),
(311, 91, 'Dr. Jana Wilkinson', 'Odio est aut ipsa error. Quo dolores nihil incidunt voluptatem deserunt deserunt magnam. Dolor ipsa quis autem deserunt. Eveniet sapiente deleniti sed et labore libero voluptatibus. Molestias nulla eos tempora saepe non dolore.', 5, '2018-03-25 15:44:21', '2018-03-25 15:44:21'),
(312, 58, 'Dariana Konopelski', 'Et reprehenderit dolores veritatis voluptatum alias voluptatibus. Laborum in facere non omnis. Beatae laboriosam maxime est quasi. Dolor vel voluptatem commodi laudantium recusandae.', 5, '2018-03-25 15:44:21', '2018-03-25 15:44:21'),
(313, 41, 'Dr. Nicolas Eichmann', 'Eum incidunt quia molestias rerum temporibus qui eum. Et dolorem quo illo in. Vel et assumenda blanditiis aspernatur. Nesciunt itaque amet reiciendis beatae. Aperiam dolore dignissimos quae sed dicta delectus sed.', 1, '2018-03-25 15:44:21', '2018-03-25 15:44:21'),
(314, 110, 'Joelle Sanford', 'Ut mollitia sint laborum suscipit provident. Sit nulla quia ut culpa suscipit eum. Voluptas id voluptate similique. Veniam corporis est et.', 4, '2018-03-25 15:44:21', '2018-03-25 15:44:21'),
(315, 139, 'Antonietta Harber', 'Aperiam eius sed et voluptates perferendis odio. Perferendis dolore dolorem dolorem omnis. Libero adipisci aut laudantium. Optio modi fugiat sapiente eum voluptate quisquam.', 3, '2018-03-25 15:44:21', '2018-03-25 15:44:21'),
(316, 40, 'Kaylah Lindgren PhD', 'Non quam aperiam ducimus fuga. Consequuntur expedita porro dolor voluptatum repudiandae et. Occaecati ipsum quaerat debitis velit facere blanditiis. Ut qui ea ab.', 3, '2018-03-25 15:44:21', '2018-03-25 15:44:21'),
(317, 57, 'Mr. Nicola Lang Sr.', 'Similique qui sint minus dolores consequatur reprehenderit. Voluptates optio placeat exercitationem praesentium earum. Nostrum suscipit porro tempore recusandae accusamus minus adipisci. Porro eaque maxime dolore saepe amet.', 1, '2018-03-25 15:44:21', '2018-03-25 15:44:21'),
(318, 90, 'Simone Connelly', 'Ut ducimus nisi reprehenderit facere nihil. Animi sint accusantium voluptates adipisci animi ut ad. Et ut labore quis asperiores praesentium.', 1, '2018-03-25 15:44:21', '2018-03-25 15:44:21'),
(319, 81, 'Lorenz Stroman', 'Nam neque quia qui minima impedit sint. Excepturi et amet quis molestias quae et. Facere eveniet ad id sunt. Ipsa suscipit esse molestias voluptatem ab adipisci porro. Consequatur officiis quisquam corporis eveniet hic.', 1, '2018-03-25 15:44:21', '2018-03-25 15:44:21'),
(320, 115, 'Dr. Parker Walker', 'Rerum quod et iure aut soluta non accusantium. Dolores beatae ex fuga. Adipisci facilis impedit asperiores itaque.', 3, '2018-03-25 15:44:21', '2018-03-25 15:44:21'),
(321, 103, 'Prof. Jaron Zboncak IV', 'Eaque suscipit delectus dolorem doloremque. Aliquid ipsum fugit culpa amet quia dolor dignissimos. Soluta qui quod quia quibusdam impedit. Nihil ad ut ut est officia.', 2, '2018-03-25 15:44:21', '2018-03-25 15:44:21'),
(322, 11, 'Myron Paucek', 'Ab vitae soluta dolorem ipsam non omnis dolor. Illum facilis quo qui mollitia quidem autem cum pariatur. Quas voluptatum eum neque amet.', 0, '2018-03-25 15:44:21', '2018-03-25 15:44:21'),
(323, 36, 'Dr. Abraham Bosco Jr.', 'Eos velit similique sunt. Consequatur maiores non quo magnam fugiat earum. Nisi quas molestias qui adipisci repellendus.', 5, '2018-03-25 15:44:21', '2018-03-25 15:44:21'),
(324, 56, 'Prof. Kaci Marquardt', 'Voluptatum deleniti iste optio quo nisi quam. Aut natus ea est ut qui. Excepturi impedit eum non vel omnis.', 2, '2018-03-25 15:44:21', '2018-03-25 15:44:21'),
(325, 61, 'Lelia Nitzsche', 'Iusto voluptas laboriosam excepturi iste nobis minima mollitia. Debitis optio ullam natus numquam. Natus illo atque placeat nisi minima.', 3, '2018-03-25 15:44:21', '2018-03-25 15:44:21'),
(326, 1, 'Dr. Rosalee Beier MD', 'Reprehenderit qui atque expedita voluptatem rerum. Sapiente ut aut quo ab alias optio et. Voluptas animi sunt adipisci est et molestiae magni. Atque accusantium odio minus minima ut.', 2, '2018-03-25 15:44:21', '2018-03-25 15:44:21'),
(327, 76, 'Dr. Adrianna Huels IV', 'Accusamus excepturi ab porro ut est sit. Explicabo reiciendis est fugiat sapiente. Nulla doloribus illum beatae. In culpa eos quo.', 3, '2018-03-25 15:44:21', '2018-03-25 15:44:21'),
(328, 135, 'Grayson Blick', 'Qui ea esse nulla beatae vel. Et quibusdam voluptatem exercitationem voluptas perspiciatis nobis quidem. Quidem sed dignissimos tempora. Dolores quia non voluptas ipsum ut quam. Dicta qui aliquam dolor et dolor.', 5, '2018-03-25 15:44:21', '2018-03-25 15:44:21'),
(329, 68, 'Anika Veum', 'Adipisci eveniet et sit facere iste cum dolorem. Sit non vero laborum ipsa dolor ut. Animi officia temporibus ratione et voluptatem.', 4, '2018-03-25 15:44:21', '2018-03-25 15:44:21'),
(330, 145, 'Neal Padberg III', 'Sint voluptatem laboriosam ducimus reiciendis tempore enim ut magni. Dolore dolores consequatur voluptatum molestiae qui. Ducimus sed nobis quo impedit.', 0, '2018-03-25 15:44:22', '2018-03-25 15:44:22'),
(331, 90, 'Lewis Tremblay', 'Itaque sit nesciunt possimus aperiam. Est ut odit est odio commodi ipsum unde saepe. Et et sit molestias et nihil consequatur pariatur.', 5, '2018-03-25 15:44:22', '2018-03-25 15:44:22'),
(332, 72, 'Axel Nikolaus', 'Veniam a dolores est ex. Corporis quis aliquam similique nostrum qui magnam tempora. Non sequi fugit tempora recusandae qui eligendi rerum. Reiciendis rerum doloribus explicabo quas aut ea deleniti.', 2, '2018-03-25 15:44:22', '2018-03-25 15:44:22'),
(333, 74, 'Myah Hegmann', 'Id neque laudantium dolorem sapiente quidem illo et at. At in consequuntur sit est error exercitationem. Dolor ratione labore laboriosam beatae et consequatur magni laudantium. In est est quia excepturi eligendi velit.', 5, '2018-03-25 15:44:22', '2018-03-25 15:44:22'),
(334, 93, 'Giovani Mills V', 'Totam omnis hic reiciendis sint possimus. Recusandae excepturi eveniet molestiae ut cumque. Officia impedit dolorem consequatur natus consequatur ipsum. Minus sint modi quo est.', 1, '2018-03-25 15:44:22', '2018-03-25 15:44:22'),
(335, 51, 'Dr. Mireya Stroman', 'Rerum odit et est rem. Necessitatibus delectus reiciendis omnis distinctio suscipit. Odit ut est sint corporis et ipsa.', 0, '2018-03-25 15:44:22', '2018-03-25 15:44:22'),
(336, 91, 'Constantin Ritchie', 'Ab quibusdam quod reiciendis sapiente vel tempore aut quos. Laborum blanditiis fuga et quis nam dolor. Assumenda omnis illum aut nobis.', 3, '2018-03-25 15:44:22', '2018-03-25 15:44:22'),
(337, 130, 'Kacey Jacobs', 'Incidunt rerum velit nihil delectus facilis vel. Neque omnis similique sequi tempora qui deleniti quas in. Aut sit veniam adipisci necessitatibus id beatae. Ex numquam adipisci similique illum aut omnis sed.', 5, '2018-03-25 15:44:22', '2018-03-25 15:44:22'),
(338, 96, 'Vance Larson PhD', 'Quis temporibus dolores aut recusandae voluptatem. Pariatur eum sunt ducimus eveniet. Quo qui itaque ut aut accusantium ut ab.', 3, '2018-03-25 15:44:22', '2018-03-25 15:44:22'),
(339, 94, 'Prof. Mayra Herzog', 'Architecto perferendis maxime illo velit corporis quasi sit. Quos dignissimos occaecati numquam reprehenderit sequi. Qui nesciunt quo dolorem sint et consectetur ratione in. Expedita fugit est placeat quis.', 2, '2018-03-25 15:44:22', '2018-03-25 15:44:22'),
(340, 37, 'Ms. Lora Lebsack II', 'In et dolorem dolores sapiente vel. Error eum veniam debitis ipsum qui. Quia consequuntur sequi dignissimos itaque voluptatem.', 4, '2018-03-25 15:44:22', '2018-03-25 15:44:22'),
(341, 51, 'Savanah Hand', 'Expedita rem ratione expedita in qui aut dolor. Ratione eum quo quo magnam. Vitae quaerat est illo numquam. Dignissimos consequatur fuga iusto dolores in aut. Non ducimus ea molestias necessitatibus animi ut voluptatem.', 1, '2018-03-25 15:44:22', '2018-03-25 15:44:22'),
(342, 70, 'Adella Borer', 'Officiis libero cumque consectetur quas. Quod unde dolor necessitatibus et culpa ducimus ad accusantium. Nulla qui saepe quo.', 3, '2018-03-25 15:44:22', '2018-03-25 15:44:22'),
(343, 111, 'Tre Koch', 'Ipsam minus numquam et quis et adipisci. Sapiente dolorum voluptas impedit ut ad velit. Itaque officia voluptatem molestiae ut at. Mollitia illo sequi dolor suscipit commodi eum saepe.', 4, '2018-03-25 15:44:22', '2018-03-25 15:44:22'),
(344, 150, 'Mr. Lorenz Parker II', 'Est commodi eligendi et non. Voluptatem corporis voluptatem vel voluptatem dolorem iure magni. Amet temporibus distinctio totam et corrupti laborum omnis.', 0, '2018-03-25 15:44:22', '2018-03-25 15:44:22'),
(345, 129, 'Travis Waelchi', 'Numquam ipsam tenetur et saepe quisquam. Fuga iste ex deserunt sit nostrum accusantium quibusdam. Ipsa hic natus unde distinctio totam eos nostrum. Tenetur deleniti in sint.', 2, '2018-03-25 15:44:22', '2018-03-25 15:44:22'),
(346, 119, 'Darrel Hyatt', 'Voluptatem eaque corrupti nemo autem aliquam. Quo hic eligendi in iste similique in unde expedita. Sunt ut vero id magni eaque repellat tempora. Illo ut quos ut voluptatum consequatur vitae.', 2, '2018-03-25 15:44:22', '2018-03-25 15:44:22'),
(347, 117, 'Raven Gusikowski', 'Ex facilis veritatis ratione. Vitae doloribus aut eum quo sint eum. Atque quidem fugit aspernatur suscipit.', 2, '2018-03-25 15:44:22', '2018-03-25 15:44:22'),
(348, 78, 'Westley McClure PhD', 'Quaerat labore corrupti rerum cumque aut nihil eum a. Officia distinctio qui nihil nisi. Et labore consequatur quibusdam earum provident commodi sed maxime. Temporibus rerum voluptatem nemo velit eaque a.', 4, '2018-03-25 15:44:22', '2018-03-25 15:44:22'),
(349, 145, 'Juliet Hirthe', 'Consequatur quia natus amet qui. Sint similique ab ut molestias. Facere ea maxime animi et nesciunt ipsum. Ipsam molestiae et nostrum quo maxime autem qui.', 1, '2018-03-25 15:44:22', '2018-03-25 15:44:22'),
(350, 92, 'Mateo Auer', 'Voluptas quod vel quam dolores ut debitis. Sit vitae doloribus culpa ut dolor consequatur distinctio. Eum sequi impedit et iure dolore.', 1, '2018-03-25 15:44:22', '2018-03-25 15:44:22'),
(351, 63, 'Mr. Marlin Kihn', 'At porro quia et a possimus. Quis assumenda adipisci distinctio qui sequi. Dolor pariatur assumenda delectus possimus. Sed rerum tempore ipsa.', 3, '2018-03-25 15:44:22', '2018-03-25 15:44:22'),
(352, 39, 'Cornelius Feest', 'Distinctio inventore iusto temporibus. Labore dolorem perspiciatis minima ipsam et voluptatem unde alias. Et explicabo quo quis. Error quia nihil molestiae perspiciatis.', 4, '2018-03-25 15:44:22', '2018-03-25 15:44:22'),
(353, 27, 'Darren Bartell', 'Optio maiores ducimus et illum quas pariatur in. Ad sunt aut quam consequatur quia pariatur fugiat. In id eum officiis corrupti quo quisquam.', 3, '2018-03-25 15:44:22', '2018-03-25 15:44:22'),
(354, 87, 'Ava Cormier DVM', 'Voluptatum qui nihil quam repellendus eligendi amet reprehenderit. Et enim et repellat enim pariatur rem mollitia. Dicta distinctio ut eius unde. Nihil autem laudantium dignissimos voluptate iure illo.', 3, '2018-03-25 15:44:22', '2018-03-25 15:44:22'),
(355, 27, 'Evie Schowalter', 'Corporis corrupti quasi ut quia porro voluptatem. Quas itaque ipsam dolor. Explicabo quas pariatur autem est enim quo in. Architecto et ut ab maxime facere nulla atque officiis.', 4, '2018-03-25 15:44:22', '2018-03-25 15:44:22'),
(356, 134, 'Prof. Garrison Conn', 'Velit autem sequi cum est corrupti veritatis molestiae. Suscipit quia et culpa totam voluptatum. Maxime omnis expedita saepe odio fuga sed.', 1, '2018-03-25 15:44:22', '2018-03-25 15:44:22'),
(357, 122, 'Anjali Gutmann', 'Id nostrum facere iusto ipsam soluta. Dolores aliquid voluptates autem delectus ut. A voluptates iusto numquam.', 4, '2018-03-25 15:44:22', '2018-03-25 15:44:22'),
(358, 49, 'Prof. Waldo Bashirian', 'Id iste suscipit ratione et doloremque. Sapiente ut dolor officia qui rerum soluta. Non consequuntur sit labore minima.', 1, '2018-03-25 15:44:22', '2018-03-25 15:44:22'),
(359, 36, 'Annabelle Gleichner', 'Doloremque et voluptatum et suscipit illo. Qui illum qui et sequi. Accusantium sit deleniti adipisci voluptatem. Maiores aspernatur nisi amet ex ut sit. Assumenda dignissimos veniam voluptates delectus recusandae architecto quia.', 5, '2018-03-25 15:44:22', '2018-03-25 15:44:22'),
(360, 14, 'William Daugherty IV', 'Optio et officiis ad nihil dolorum saepe enim. Officia non cumque ipsam illum non totam. Facere numquam voluptatem molestias ut possimus. Quis consequatur quibusdam porro autem cumque.', 2, '2018-03-25 15:44:22', '2018-03-25 15:44:22'),
(361, 122, 'Cale Rutherford', 'Libero sit consequatur possimus ratione qui et. Voluptatem provident voluptatem rerum voluptatum unde sit. Pariatur tempora rerum quos rerum aut sit quis. Quia velit facere modi quia quasi assumenda.', 3, '2018-03-25 15:44:22', '2018-03-25 15:44:22'),
(362, 127, 'Delphia Cummerata', 'Aut unde non asperiores eius. Sint molestias dolores nemo quas temporibus ex non. Tempora eveniet neque aut nisi nulla. Et enim rerum qui et.', 2, '2018-03-25 15:44:22', '2018-03-25 15:44:22'),
(363, 20, 'Mrs. Alize Simonis', 'Sapiente eveniet sapiente totam quia qui et quas nostrum. Voluptatum omnis laudantium omnis. Animi reiciendis quo consequatur quis. Dolor praesentium eius repellendus dolorem et quasi consequatur.', 1, '2018-03-25 15:44:22', '2018-03-25 15:44:22'),
(364, 3, 'Karolann Mueller', 'Est ipsum repellendus minus omnis sint consectetur recusandae. Mollitia beatae ratione autem velit blanditiis reprehenderit odit. Aperiam ut incidunt tenetur. In deleniti recusandae accusamus saepe rerum quis.', 5, '2018-03-25 15:44:22', '2018-03-25 15:44:22'),
(365, 28, 'Mr. Leonardo Mitchell PhD', 'Atque quae eos nulla et placeat perspiciatis beatae. Et necessitatibus consequatur occaecati perferendis dicta incidunt totam. Sit dolor consequatur maxime vero vel dolorum.', 1, '2018-03-25 15:44:22', '2018-03-25 15:44:22'),
(366, 42, 'Bria Gerhold', 'Vel est libero vel repellat aut aliquid autem. Similique commodi voluptas deleniti molestias doloribus consequuntur suscipit.', 2, '2018-03-25 15:44:22', '2018-03-25 15:44:22'),
(367, 82, 'Shyanne Wilkinson', 'Necessitatibus corporis nemo aspernatur minus. Libero cupiditate sunt harum adipisci est sunt pariatur. Numquam aliquam soluta deserunt vitae. Aut omnis quia beatae et ducimus.', 5, '2018-03-25 15:44:23', '2018-03-25 15:44:23'),
(368, 97, 'Annabell Kuhic', 'Qui at sed dolore. Velit impedit qui accusamus doloribus voluptas porro. Et itaque quo odit quia consequatur.', 4, '2018-03-25 15:44:23', '2018-03-25 15:44:23'),
(369, 52, 'Macey Klocko', 'Natus repellendus cupiditate repellat ullam quis. Dolore omnis omnis quo sunt. Libero quisquam in quo dolorem. Vel ullam ipsam consequatur qui.', 2, '2018-03-25 15:44:23', '2018-03-25 15:44:23'),
(370, 141, 'Ms. Ayana Ebert IV', 'Quasi commodi eum officia enim at. Ut cumque quia repellat animi. Atque magni maxime dolorem molestias officia explicabo est. Exercitationem distinctio non fuga pariatur dolorum sit mollitia quia. Provident quo fuga dolores laudantium.', 4, '2018-03-25 15:44:23', '2018-03-25 15:44:23'),
(371, 139, 'Nicolas Dibbert', 'Dolor quod quasi consequatur. Dolores qui odit ratione. Tenetur harum omnis suscipit reprehenderit soluta ipsa earum consequatur.', 0, '2018-03-25 15:44:23', '2018-03-25 15:44:23'),
(372, 37, 'Dr. Abdiel Kirlin PhD', 'Hic nemo iusto esse quis dolore. Tempora in voluptatem aut error. Ullam ullam inventore est exercitationem aspernatur dolorum sit.', 3, '2018-03-25 15:44:23', '2018-03-25 15:44:23'),
(373, 81, 'Mrs. Bonita Rogahn MD', 'Earum voluptatem aperiam est asperiores. Rerum possimus explicabo dolores fugit. Tempora neque dignissimos adipisci beatae ab nihil eos.', 1, '2018-03-25 15:44:23', '2018-03-25 15:44:23'),
(374, 105, 'Mr. Dallin Gerlach', 'Atque nostrum velit sequi minima aut. Voluptate quibusdam modi cum in magni. Recusandae ut consequatur est eum reiciendis. Doloremque commodi labore natus et nulla praesentium. Repudiandae aperiam perferendis aut qui reprehenderit eum blanditiis.', 1, '2018-03-25 15:44:23', '2018-03-25 15:44:23'),
(375, 39, 'Terrence Harris V', 'Repellat voluptas molestiae asperiores consequatur assumenda. Dolorem et optio quos cum. Sed aut velit a qui accusamus at. Accusamus voluptatem maxime natus quas blanditiis aut eligendi.', 3, '2018-03-25 15:44:23', '2018-03-25 15:44:23'),
(376, 87, 'Prof. Jessika Nader IV', 'Tenetur doloribus perferendis consectetur unde et. Est et aut et deleniti.', 0, '2018-03-25 15:44:23', '2018-03-25 15:44:23'),
(377, 107, 'Erna Ullrich', 'Nam sint error ut. Impedit deserunt consequatur error quia repellat quidem consequatur. Sed hic assumenda fugiat est est. Ut iste doloremque dicta occaecati est.', 3, '2018-03-25 15:44:23', '2018-03-25 15:44:23'),
(378, 113, 'Treva Herzog', 'Consectetur repellat aut et adipisci velit quia. Voluptas ipsum quae qui occaecati voluptas modi.', 5, '2018-03-25 15:44:23', '2018-03-25 15:44:23'),
(379, 65, 'Ms. Clementina Beier PhD', 'Architecto explicabo sit nihil eos. Odit minus ut quidem qui. Quasi sunt sint porro doloremque officiis possimus rerum.', 0, '2018-03-25 15:44:23', '2018-03-25 15:44:23'),
(380, 123, 'Prof. Timothy Casper Sr.', 'Odio inventore laborum tempore aut. Provident ut odio asperiores quod architecto atque beatae magnam. Ea hic voluptas dolorem voluptatem est asperiores. Magni quia delectus perferendis sed non impedit.', 0, '2018-03-25 15:44:23', '2018-03-25 15:44:23'),
(381, 145, 'Dr. Markus Marquardt', 'Nostrum dolor laudantium quis veniam aut fugit. Sint repudiandae rerum rerum quos. Commodi quia id sequi sed consequuntur eligendi aperiam.', 1, '2018-03-25 15:44:23', '2018-03-25 15:44:23'),
(382, 65, 'Kraig Altenwerth DVM', 'Et aperiam voluptatem sed eum. Molestias totam commodi eius debitis assumenda. Dignissimos voluptates nemo omnis ratione. Occaecati qui sed sit ratione necessitatibus sapiente.', 4, '2018-03-25 15:44:23', '2018-03-25 15:44:23'),
(383, 137, 'Estevan Mosciski', 'Dolorum ducimus explicabo voluptas. Ea quibusdam sunt vero asperiores. Distinctio molestiae similique quis quo autem nihil. Est quae non qui quae.', 4, '2018-03-25 15:44:23', '2018-03-25 15:44:23'),
(384, 150, 'Isobel Okuneva V', 'Dolores sed sapiente voluptate sint quo laboriosam. Excepturi rerum similique quos et enim eius. Aliquam vel rem ab qui repellendus. Mollitia sed assumenda blanditiis eaque eos sit. Nisi doloribus itaque tempore sunt ipsum sint ut.', 3, '2018-03-25 15:44:23', '2018-03-25 15:44:23'),
(385, 120, 'Prof. Efren McGlynn V', 'Pariatur numquam omnis illum maxime quo. Perspiciatis illo ab ipsum magnam qui et voluptatem. Consequuntur quae sapiente vitae. Impedit maiores dignissimos officia accusamus. Voluptatum accusantium non sunt autem.', 4, '2018-03-25 15:44:23', '2018-03-25 15:44:23'),
(386, 131, 'Noah Hauck', 'Sint cupiditate explicabo nemo voluptatem veniam est voluptates autem. Et eveniet vel optio necessitatibus libero. Expedita enim id aut debitis quidem ullam. Voluptatem iure ipsam atque vitae.', 4, '2018-03-25 15:44:23', '2018-03-25 15:44:23'),
(387, 27, 'Uriel Mills V', 'Voluptatibus fuga rerum rerum repudiandae dignissimos. Sed sed voluptatem magnam maxime et. Doloremque veniam ad voluptatem voluptatem impedit aut. Aliquam quibusdam saepe est nostrum unde quia. Perspiciatis sapiente itaque eligendi saepe sit ea tempore.', 0, '2018-03-25 15:44:23', '2018-03-25 15:44:23'),
(388, 37, 'Shawn Rodriguez', 'Error rem quasi quasi in. Omnis consequuntur odit quia sint accusamus.', 2, '2018-03-25 15:44:23', '2018-03-25 15:44:23'),
(389, 9, 'Laurianne Nienow', 'Earum odio deserunt delectus id. Qui et fuga omnis cumque. Nihil eligendi aperiam soluta ipsum quibusdam explicabo tempora natus. Corporis eum quo soluta repellendus labore.', 3, '2018-03-25 15:44:23', '2018-03-25 15:44:23'),
(390, 99, 'Prof. Merle Metz DDS', 'Non aliquam iste id. Sint reiciendis architecto consectetur repudiandae delectus explicabo neque.', 5, '2018-03-25 15:44:23', '2018-03-25 15:44:23'),
(391, 108, 'Quincy Robel', 'Pariatur omnis atque accusamus quibusdam delectus. Rem eos sit eligendi dolores sunt. Est labore non ducimus illo non ut.', 0, '2018-03-25 15:44:23', '2018-03-25 15:44:23'),
(392, 41, 'Philip Jacobi', 'Nihil pariatur occaecati suscipit quis. Adipisci quibusdam veritatis modi voluptas ducimus. Animi consequuntur doloremque adipisci. Ab sit odio omnis velit est sunt. Vero nam consequatur debitis ea accusantium autem repellendus.', 2, '2018-03-25 15:44:23', '2018-03-25 15:44:23'),
(393, 103, 'Brennan Gerlach', 'Doloremque sequi id quia provident deserunt. Molestiae deserunt ut pariatur alias ipsum. Fuga porro eos non vel eum temporibus. Nam sint voluptatem ullam maiores asperiores aut.', 1, '2018-03-25 15:44:23', '2018-03-25 15:44:23'),
(394, 34, 'Vito Hirthe', 'Provident ea eos deleniti facere laboriosam numquam pariatur. Temporibus id similique ratione porro. Voluptatem inventore ipsam qui nam optio ea. Velit ipsum non illo temporibus perspiciatis.', 2, '2018-03-25 15:44:23', '2018-03-25 15:44:23'),
(395, 139, 'Prof. Ima Miller', 'Tempore sed vel ut consectetur consequatur molestias iure. Ut sequi aut nesciunt officiis non. Blanditiis voluptatem exercitationem nesciunt consectetur aperiam nulla. Iste qui quia natus est magnam.', 2, '2018-03-25 15:44:23', '2018-03-25 15:44:23'),
(396, 144, 'Cecile Hessel', 'Numquam maxime debitis error repellat tenetur quae. Blanditiis aut repellat sit beatae magnam neque. Cupiditate dolor blanditiis iusto deserunt.', 3, '2018-03-25 15:44:23', '2018-03-25 15:44:23'),
(397, 140, 'Prof. Thurman Schumm I', 'Voluptatem sed molestiae impedit quae. Quibusdam voluptate qui illum tempore perferendis aut repellat. Eligendi velit et sit nesciunt enim ea. Itaque voluptate cumque aspernatur commodi perspiciatis blanditiis.', 3, '2018-03-25 15:44:23', '2018-03-25 15:44:23'),
(398, 55, 'Evert Stoltenberg', 'In aliquid aut praesentium. Dolor excepturi qui id pariatur. Vel dolorum beatae consequuntur vel exercitationem iste.', 2, '2018-03-25 15:44:23', '2018-03-25 15:44:23'),
(399, 91, 'Dr. Sherwood Kreiger III', 'Libero et perferendis necessitatibus eaque aspernatur doloribus et. Est doloremque quia et cum numquam hic non. Quod totam quia aliquid mollitia culpa unde.', 5, '2018-03-25 15:44:23', '2018-03-25 15:44:23'),
(400, 126, 'Aletha Boyle III', 'Ipsum impedit est sit. Voluptatem sequi deserunt deleniti tenetur perferendis quo qui. Dolorum sapiente blanditiis reprehenderit mollitia.', 0, '2018-03-25 15:44:24', '2018-03-25 15:44:24');

-- --------------------------------------------------------

--
-- Table structure for table `users`
--

CREATE TABLE `users` (
  `id` int(10) UNSIGNED NOT NULL,
  `name` varchar(191) COLLATE utf8mb4_unicode_ci NOT NULL,
  `email` varchar(191) COLLATE utf8mb4_unicode_ci NOT NULL,
  `password` varchar(191) COLLATE utf8mb4_unicode_ci NOT NULL,
  `remember_token` varchar(100) COLLATE utf8mb4_unicode_ci DEFAULT NULL,
  `created_at` timestamp NULL DEFAULT NULL,
  `updated_at` timestamp NULL DEFAULT NULL
) ENGINE=InnoDB DEFAULT CHARSET=utf8mb4 COLLATE=utf8mb4_unicode_ci;

--
-- Indexes for dumped tables
--

--
-- Indexes for table `migrations`
--
ALTER TABLE `migrations`
  ADD PRIMARY KEY (`id`);

--
-- Indexes for table `password_resets`
--
ALTER TABLE `password_resets`
  ADD KEY `password_resets_email_index` (`email`);

--
-- Indexes for table `products`
--
ALTER TABLE `products`
  ADD PRIMARY KEY (`id`);

--
-- Indexes for table `reviews`
--
ALTER TABLE `reviews`
  ADD PRIMARY KEY (`id`),
  ADD KEY `reviews_product_id_index` (`product_id`);

--
-- Indexes for table `users`
--
ALTER TABLE `users`
  ADD PRIMARY KEY (`id`),
  ADD UNIQUE KEY `users_email_unique` (`email`);

--
-- AUTO_INCREMENT for dumped tables
--

--
-- AUTO_INCREMENT for table `migrations`
--
ALTER TABLE `migrations`
  MODIFY `id` int(10) UNSIGNED NOT NULL AUTO_INCREMENT, AUTO_INCREMENT=5;
--
-- AUTO_INCREMENT for table `products`
--
ALTER TABLE `products`
  MODIFY `id` int(10) UNSIGNED NOT NULL AUTO_INCREMENT, AUTO_INCREMENT=151;
--
-- AUTO_INCREMENT for table `reviews`
--
ALTER TABLE `reviews`
  MODIFY `id` int(10) UNSIGNED NOT NULL AUTO_INCREMENT, AUTO_INCREMENT=401;
--
-- AUTO_INCREMENT for table `users`
--
ALTER TABLE `users`
  MODIFY `id` int(10) UNSIGNED NOT NULL AUTO_INCREMENT;
--
-- Constraints for dumped tables
--

--
-- Constraints for table `reviews`
--
ALTER TABLE `reviews`
  ADD CONSTRAINT `reviews_product_id_foreign` FOREIGN KEY (`product_id`) REFERENCES `products` (`id`) ON DELETE CASCADE;
COMMIT;

/*!40101 SET CHARACTER_SET_CLIENT=@OLD_CHARACTER_SET_CLIENT */;
/*!40101 SET CHARACTER_SET_RESULTS=@OLD_CHARACTER_SET_RESULTS */;
/*!40101 SET COLLATION_CONNECTION=@OLD_COLLATION_CONNECTION */;
